date,company,notice_text,url,title,benefit_amt,benefit_type,cond_type,cond_plan_price,summary
2026-10-11 07:02:14,SKT 다이렉트,"쓰던 폰 반납가 - 1,170,000원 민팃 All 보상",https://shop.tworld.co.kr/nf/index_nf_yp_plan.html?exhibitionId=P00000527,iPhone Duo2026년 10월 16일(금) 오후 9시 사전예약 시작,0,NO_BENEFIT,ETC,0,
2026-10-11 07:02:14,SKT 다이렉트,"(최대) - 50,000원 T 다이렉트샵 특별 보상",https://shop.tworld.co.kr/nf/index_nf_yp_plan.html?exhibitionId=P00000527,iPhone Duo2026년 10월 16일(금) 오후 9시 사전예약 시작,0,NO_BENEFIT,ETC,0,
2026-10-11 07:02:14,SKT 다이렉트,"(선착순 1천 명) - 200,000원 카카오톡 채널 쿠폰 - 30,000원 T 기프트",https://shop.tworld.co.kr/nf/index_nf_yp_plan.html?exhibitionId=P00000527,iPhone Duo2026년 10월 16일(금) 오후 9시 사전예약 시작,0,NO_BENEFIT,ETC,0,
2026-10-11 07:02:14,SKT 다이렉트,"휴대폰 지원금은 베스트 Max(12만 9천 원) 요금제 기준이며, 공통지원금과 추가지원금이 포함된 금액입니다.",https://shop.tworld.co.kr/nf/index_nf_yp_plan.html?exhibitionId=P00000521,iPhone 18 Pro & iPhone 18 Pro Max특별한 시작을 완벽한 혜택으로,0,NO_BENEFIT,ETC,0,
2026-10-11 07:02:14,SKT 다이렉트,"쓰던 폰 반납가 - 1,170,000원 카카오톡 채널 쿠폰 - 30,000원 T 기프트",https://shop.tworld.co.kr/nf/index_nf_yp_plan.html?exhibitionId=P00000521,iPhone 18 Pro & iPhone 18 Pro Max특별한 시작을 완벽한 혜택으로,0,NO_BENEFIT,ETC,0,
2026-10-11 07:02:14,SKT 다이렉트,직전 6개월 내에 동일한 이벤트로 혜택을 받아 휴대폰을 개통하신 고객님은 이벤트 참여 및 혜택 사용이 제한됩니다.,https://shop.tworld.co.kr/nf/index_nf_yp_plan.html?exhibitionId=P00000525,T 다이렉트샵 럭키 룰렛룰렛을 돌리면 찾아오는 최대 30만 원의 행운!,0,NO_BENEFIT,ETC,0,
2026-10-11 07:02:14,SKT 다이렉트,T 다이렉트샵 룰렛 이벤트는 2026년 10월 31일(토)까지 본인 명의로 1회만 참여 가능합니다.,https://shop.tworld.co.kr/nf/index_nf_yp_plan.html?exhibitionId=P00000525,T 다이렉트샵 럭키 룰렛룰렛을 돌리면 찾아오는 최대 30만 원의 행운!,0,NO_BENEFIT,ETC,0,
2026-10-11 07:02:14,SKT 다이렉트,"당첨된 룰렛 이용권은 2026년 10월 31일(토)까지 사용하지 않으면, 다음 달로 이월되지 않습니다.",https://shop.tworld.co.kr/nf/index_nf_yp_plan.html?exhibitionId=P00000525,T 다이렉트샵 럭키 룰렛룰렛을 돌리면 찾아오는 최대 30만 원의 행운!,0,NO_BENEFIT,ETC,0,
2026-10-11 07:02:14,SKT 다이렉트,이벤트 참여 시 입력하신 휴대폰 번호는 이벤트 종료 후 2개월 안에 파기됩니다.,https://shop.tworld.co.kr/nf/index_nf_yp_plan.html?exhibitionId=P00000525,T 다이렉트샵 럭키 룰렛룰렛을 돌리면 찾아오는 최대 30만 원의 행운!,0,NO_BENEFIT,ETC,0,
2026-10-11 07:02:14,SKT 다이렉트,"1525(SK텔레콤 휴대폰에서 무료), 1599-0111(유료)",https://shop.tworld.co.kr/nf/index_nf_yp_plan.html?exhibitionId=P00000525,T 다이렉트샵 럭키 룰렛룰렛을 돌리면 찾아오는 최대 30만 원의 행운!,0,NO_BENEFIT,ETC,0,
2026-10-11 07:02:14,SKT 다이렉트,"20/30만 원권 사용 가능 요금제: 베스트 109 계열, 베스트 Pro 계열, 베스트 Max 계열, 5GX 플래티넘 계열, 5GX 프리미엄 계열,",https://shop.tworld.co.kr/nf/index_nf_yp_plan.html?exhibitionId=P00000525,T 다이렉트샵 럭키 룰렛룰렛을 돌리면 찾아오는 최대 30만 원의 행운!,0,NO_BENEFIT,ETC,0,
2026-10-11 07:02:14,SKT 다이렉트,"2026년 9월 4일(금) 17시 40분 이전에 20만 원권을 발급받으신 고객님은 다이렉트, 라이트, 베스트, 5G 요금제 이용이 가능합니다.",https://shop.tworld.co.kr/nf/index_nf_yp_plan.html?exhibitionId=P00000525,T 다이렉트샵 럭키 룰렛룰렛을 돌리면 찾아오는 최대 30만 원의 행운!,0,NO_BENEFIT,ETC,0,
2026-10-11 07:02:14,SKT 다이렉트,"해당 일시 이후에 발급받으신 고객님은 베스트 109/Pro/Max 계열, 5GX 프리미엄 계열, 0 청년 109 계열, 다이렉트 5G 76 계열 요금제로 20만 원권을 이용하실 수 있습니다.",https://shop.tworld.co.kr/nf/index_nf_yp_plan.html?exhibitionId=P00000525,T 다이렉트샵 럭키 룰렛룰렛을 돌리면 찾아오는 최대 30만 원의 행운!,0,NO_BENEFIT,ETC,0,
2026-10-11 07:02:14,SKT 다이렉트,"20만 원권 사용 가능 요금제: 베스트 109 계열, 베스트 Pro 계열, 베스트 Max 계열, 5GX 플래티넘 계열, 5GX 프리미엄 계열,",https://shop.tworld.co.kr/nf/index_nf_yp_plan.html?exhibitionId=P00000525,T 다이렉트샵 럭키 룰렛룰렛을 돌리면 찾아오는 최대 30만 원의 행운!,0,NO_BENEFIT,ETC,0,
2026-10-11 07:02:14,SKT 다이렉트,주문 시 할부 기간에서 ‘일시불’을 선택하면 이용권을 사용하실 수 없습니다.,https://shop.tworld.co.kr/nf/index_nf_yp_plan.html?exhibitionId=P00000525,T 다이렉트샵 럭키 룰렛룰렛을 돌리면 찾아오는 최대 30만 원의 행운!,0,NO_BENEFIT,ETC,0,
2026-10-11 07:02:14,SKT 다이렉트,"구매하는 휴대폰의 할부 원금이 최소 1,000원 이상 남아 있어야 이용권 사용이 가능합니다.",https://shop.tworld.co.kr/nf/index_nf_yp_plan.html?exhibitionId=P00000525,T 다이렉트샵 럭키 룰렛룰렛을 돌리면 찾아오는 최대 30만 원의 행운!,0,NO_BENEFIT,ETC,0,
2026-10-11 07:02:14,SKT 다이렉트,"T 다이렉트샵 이용권 사용 문의: 1599-7963(평일 오전 9시~오후 6시, 주말 및 공휴일 휴무)",https://shop.tworld.co.kr/nf/index_nf_yp_plan.html?exhibitionId=P00000525,T 다이렉트샵 럭키 룰렛룰렛을 돌리면 찾아오는 최대 30만 원의 행운!,0,NO_BENEFIT,ETC,0,
2026-10-11 07:02:14,SKT 다이렉트,이 이벤트로 받으신 이용권은 10월 31일(토)까지 주문 시 사용 가능합니다.,https://shop.tworld.co.kr/nf/index_nf_yp_plan.html?exhibitionId=P00000494,갤럭시 브랜드관상상 이상의 AI 세상,0,NO_BENEFIT,ETC,0,
2026-10-11 07:02:14,SKT 다이렉트,당첨되신 고객님은 사용 기간 내 응모가 제한됩니다.,https://shop.tworld.co.kr/nf/index_nf_yp_plan.html?exhibitionId=P00000494,갤럭시 브랜드관상상 이상의 AI 세상,0,NO_BENEFIT,ETC,0,
2026-10-11 07:02:14,SKT 다이렉트,직전 6개월 내에 동일한 이벤트로 혜택을 받아 휴대폰 개통을 하신 고객님은 이벤트 참여 및 혜택 사용이 제한됩니다.,https://shop.tworld.co.kr/nf/index_nf_yp_plan.html?exhibitionId=P00000494,갤럭시 브랜드관상상 이상의 AI 세상,0,NO_BENEFIT,ETC,0,
2026-10-11 07:02:14,SKT 다이렉트,"구매하는 휴대폰의 할부원금이 최소 1,000원 이상 남아 있어야 이용권 사용이 가능합니다.",https://shop.tworld.co.kr/nf/index_nf_yp_plan.html?exhibitionId=P00000494,갤럭시 브랜드관상상 이상의 AI 세상,0,NO_BENEFIT,ETC,0,
2026-10-11 07:02:14,SKT 다이렉트,개통 후 14일 내 취소 시 제공받은 혜택(사은품 등)을 반납하셔야 합니다.,https://shop.tworld.co.kr/nf/index_nf_yp_plan.html?exhibitionId=P00000494,갤럭시 브랜드관상상 이상의 AI 세상,0,NO_BENEFIT,ETC,0,
2026-10-11 07:02:14,SKT 다이렉트,[Google AI Pro 6개월 구독],https://shop.tworld.co.kr/nf/index_nf_yp_plan.html?exhibitionId=P00000494,갤럭시 브랜드관상상 이상의 AI 세상,0,NO_BENEFIT,ETC,0,
2026-10-11 07:02:14,SKT 다이렉트,Google Al Pro 6개월 구독권은 2027년 8월 1일 까지 Galaxy Z Fold8 Ultra | Fold8 | Flip8 대상 단말을 구매 및 구독권을 활성화한 사용자에게 제공됩니다.,https://shop.tworld.co.kr/nf/index_nf_yp_plan.html?exhibitionId=P00000494,갤럭시 브랜드관상상 이상의 AI 세상,0,NO_BENEFIT,ETC,0,
2026-10-11 07:02:14,SKT 다이렉트,Google Al Pro 6개월 구독권은 2027년 8월 1일 오후 11시 59분(한국 시간 기준) 까지 신청해야 합니다.,https://shop.tworld.co.kr/nf/index_nf_yp_plan.html?exhibitionId=P00000494,갤럭시 브랜드관상상 이상의 AI 세상,0,NO_BENEFIT,ETC,0,
2026-10-11 07:02:14,SKT 다이렉트,"가입 시 유효한 결제 수단이 필요하지만, 무료 체험 기간이 종료되기 전까지는 요금이 청구되지 않습니다.",https://shop.tworld.co.kr/nf/index_nf_yp_plan.html?exhibitionId=P00000494,갤럭시 브랜드관상상 이상의 AI 세상,0,NO_BENEFIT,ETC,0,
2026-10-11 07:02:14,SKT 다이렉트,"별도로 해지하지 않을 경우, 무료 체험 종료 후 Google One에서 월 29,000원이 매월 정기적으로 청구됩니다.",https://shop.tworld.co.kr/nf/index_nf_yp_plan.html?exhibitionId=P00000494,갤럭시 브랜드관상상 이상의 AI 세상,0,NO_BENEFIT,ETC,0,
2026-10-11 07:02:14,SKT 다이렉트,"관련 법률에서 요구하는 경우를 제외하고, 부분 청구 기간에 대한 환불은 제공되지 않습니다.",https://shop.tworld.co.kr/nf/index_nf_yp_plan.html?exhibitionId=P00000494,갤럭시 브랜드관상상 이상의 AI 세상,0,NO_BENEFIT,ETC,0,
2026-10-11 07:02:14,SKT 다이렉트,[윌라 3개월 무료 구독권(전자책+오디오 북+오디오웹소설+키즈+클래스 무제한)],https://shop.tworld.co.kr/nf/index_nf_yp_plan.html?exhibitionId=P00000494,갤럭시 브랜드관상상 이상의 AI 세상,0,NO_BENEFIT,ETC,0,
2026-10-11 07:02:14,SKT 다이렉트,"이 혜택은 이벤트 기간 내 Galaxy Z Fold8 Ultra | Fold8 | Flip8 구매자에게만 적용되는 혜택으로, 구매한 휴대폰으로 가입 및 접속했을 경우 적용됩니다.",https://shop.tworld.co.kr/nf/index_nf_yp_plan.html?exhibitionId=P00000494,갤럭시 브랜드관상상 이상의 AI 세상,0,NO_BENEFIT,ETC,0,
2026-10-11 07:02:14,SKT 다이렉트,3개월 무료 구독 기간에는 위약금이나 약정 없이 언제든 해지가 가능합니다.,https://shop.tworld.co.kr/nf/index_nf_yp_plan.html?exhibitionId=P00000494,갤럭시 브랜드관상상 이상의 AI 세상,0,NO_BENEFIT,ETC,0,
2026-10-11 07:02:14,SKT 다이렉트,윌라 멤버십을 이미 가입하신 고객님은 이용 중인 멤버십을 해지하신 후 멤버십 기간이 만료되면 이벤트 기간 내 3개월 무료 구독권 신청하기가 가능합니다.,https://shop.tworld.co.kr/nf/index_nf_yp_plan.html?exhibitionId=P00000494,갤럭시 브랜드관상상 이상의 AI 세상,0,NO_BENEFIT,ETC,0,
2026-10-11 07:02:14,SKT 다이렉트,3개월은 무료로 구독 가능하며 3개월 후 등록한 결제 수단으로 자동 결제됩니다.,https://shop.tworld.co.kr/nf/index_nf_yp_plan.html?exhibitionId=P00000494,갤럭시 브랜드관상상 이상의 AI 세상,0,NO_BENEFIT,ETC,0,
2026-10-11 07:02:14,SKT 다이렉트,관련 문의: 윌라 고객센터(02-6206-3240 / cs@welaaa.com),https://shop.tworld.co.kr/nf/index_nf_yp_plan.html?exhibitionId=P00000494,갤럭시 브랜드관상상 이상의 AI 세상,0,NO_BENEFIT,ETC,0,
2026-10-11 07:02:14,SKT 다이렉트,이벤트 문의처: 1588-3366(삼성전자서비스),https://shop.tworld.co.kr/nf/index_nf_yp_plan.html?exhibitionId=P00000494,갤럭시 브랜드관상상 이상의 AI 세상,0,NO_BENEFIT,ETC,0,
2026-10-11 07:02:14,SKT 다이렉트,"본 이벤트는 당사 내부 사정에 의해 별도 고지 없이 일부, 혹은 전체 이벤트의 내용 또는 기간이 변경되거나 일찍 종료될 수 있습니다.",https://shop.tworld.co.kr/nf/index_nf_yp_plan.html?exhibitionId=P00000494,갤럭시 브랜드관상상 이상의 AI 세상,0,NO_BENEFIT,ETC,0,
2026-10-11 07:02:14,SKT 다이렉트,테마 다운로드 기간: 2026년 8월 4일(화) ~ 2026년 10월 31일(토) 23:59(한국시간 기준),https://shop.tworld.co.kr/nf/index_nf_yp_plan.html?exhibitionId=P00000494,갤럭시 브랜드관상상 이상의 AI 세상,0,NO_BENEFIT,ETC,0,
2026-10-11 07:02:14,SKT 다이렉트,"다운로드 기간 종료 후 테마를 삭제할 경우, 재 다운로드 및 사용이 불가할 수 있습니다.",https://shop.tworld.co.kr/nf/index_nf_yp_plan.html?exhibitionId=P00000494,갤럭시 브랜드관상상 이상의 AI 세상,0,NO_BENEFIT,ETC,0,
2026-10-11 07:02:14,SKT 다이렉트,"구매하신 판매처별 배송 일정에 따라 이벤트 참여가 어려울 수 있으며, 이벤트 기간 종료 후 이벤트 참여는 불가하오니 유의 바랍니다.",https://shop.tworld.co.kr/nf/index_nf_yp_plan.html?exhibitionId=P00000494,갤럭시 브랜드관상상 이상의 AI 세상,0,NO_BENEFIT,ETC,0,
2026-10-11 07:02:14,SKT 다이렉트,"테마의 사용 가능 기간은 2026년 8월 4일(화)~ 2028년 7월 31일(월)이며, 당사 및 제휴사의 운영 정책에 따라 별도 고지 없이 서비스가 변경되거나 이용이 종료될 수 있습니다.",https://shop.tworld.co.kr/nf/index_nf_yp_plan.html?exhibitionId=P00000494,갤럭시 브랜드관상상 이상의 AI 세상,0,NO_BENEFIT,ETC,0,
2026-10-11 07:02:14,SKT 다이렉트,"테마의 사용 가능 기간 종료 후 테마를 삭제할 경우, 재 다운로드 및 사용이 불가할 수 있습니다.",https://shop.tworld.co.kr/nf/index_nf_yp_plan.html?exhibitionId=P00000494,갤럭시 브랜드관상상 이상의 AI 세상,0,NO_BENEFIT,ETC,0,
2026-10-11 07:02:14,SKT 다이렉트,"테마는 사용 기간 종료 후 OS 업데이트, 신규 OS 적용, 기기 변경, 초기화, 계정 변경 등 사용자 환경 변화에 따라 테마 사용이 불가할 수 있습니다.",https://shop.tworld.co.kr/nf/index_nf_yp_plan.html?exhibitionId=P00000494,갤럭시 브랜드관상상 이상의 AI 세상,0,NO_BENEFIT,ETC,0,
2026-10-11 07:02:14,SKT 다이렉트,매달 마지막 날까지 24개월 또는 36개월 기기 할부 및 스마트기기 요금제를 해지하지 않고 유지해야 할인 혜택을 받으실 수 있습니다.,https://shop.tworld.co.kr/nf/index_nf_yp_plan.html?exhibitionId=P00000494,갤럭시 브랜드관상상 이상의 AI 세상,0,NO_BENEFIT,ETC,0,
2026-10-11 07:02:14,SKT 다이렉트,스마트기기 요금제를 이용 중인 회선을 한 달에 8일 이상 일시 정지하면 그달에는 할인 혜택을 받으실 수 없습니다.,https://shop.tworld.co.kr/nf/index_nf_yp_plan.html?exhibitionId=P00000494,갤럭시 브랜드관상상 이상의 AI 세상,0,NO_BENEFIT,ETC,0,
2026-10-11 07:02:14,SKT 다이렉트,SK텔레콤에서 할인 대상 기기를 24개월 또는 36개월 할부로 구매한 경우에만 혜택을 받으실 수 있습니다.,https://shop.tworld.co.kr/nf/index_nf_yp_plan.html?exhibitionId=P00000494,갤럭시 브랜드관상상 이상의 AI 세상,0,NO_BENEFIT,ETC,0,
2026-10-11 07:02:14,SKT 다이렉트,할부 기간은 24개월 또는 36개월로만 선택할 수 있으며 그 외 기간 선택 시 혜택을 받으실 수 없습니다.,https://shop.tworld.co.kr/nf/index_nf_yp_plan.html?exhibitionId=P00000494,갤럭시 브랜드관상상 이상의 AI 세상,0,NO_BENEFIT,ETC,0,
2026-10-11 07:02:14,SKT 다이렉트,"24개월 또는 36개월 동안 요금제 구간에 따른 할인이 제공되며, 기기별로 월 최대 할인 금액을 초과하는 부분에 대해 추가 비용이 청구될 수 있습니다.",https://shop.tworld.co.kr/nf/index_nf_yp_plan.html?exhibitionId=P00000494,갤럭시 브랜드관상상 이상의 AI 세상,0,NO_BENEFIT,ETC,0,
2026-10-11 07:02:14,SKT 다이렉트,베스트 Max(스마트기기): 월 최대 2만 4천 원 할인,https://shop.tworld.co.kr/nf/index_nf_yp_plan.html?exhibitionId=P00000494,갤럭시 브랜드관상상 이상의 AI 세상,0,NO_BENEFIT,ETC,0,
2026-10-11 07:02:14,SKT 다이렉트,베스트 Pro(스마트기기): 월 최대 1만 8천 원 할인,https://shop.tworld.co.kr/nf/index_nf_yp_plan.html?exhibitionId=P00000494,갤럭시 브랜드관상상 이상의 AI 세상,0,NO_BENEFIT,ETC,0,
2026-10-11 07:02:14,SKT 다이렉트,"베스트 109(스마트기기), 다이렉트5G 76(스마트기기): 월 최대 1만 2천 원 할인",https://shop.tworld.co.kr/nf/index_nf_yp_plan.html?exhibitionId=P00000494,갤럭시 브랜드관상상 이상의 AI 세상,0,NO_BENEFIT,ETC,0,
2026-10-11 07:02:14,SKT 다이렉트,"2026년 10월 카드 신청, 12월 이내 라이트할부 등록 필수",https://shop.tworld.co.kr/nf/index_nf_yp_plan.html?exhibitionId=P00000513,"제휴카드 혜택 모음매월 통신비 부담, 이렇게 줄여보세요!",0,NO_BENEFIT,ETC,0,
2026-10-11 07:02:14,SKT 다이렉트,프로모션 대상: 직전 6개월 이상 농협 신용 카드 무실적 및 해당 카드 최초 발급 회원 NH농협카드 고객센터(1644-2866)에서 확인 가능,https://shop.tworld.co.kr/nf/index_nf_yp_plan.html?exhibitionId=P00000513,"제휴카드 혜택 모음매월 통신비 부담, 이렇게 줄여보세요!",0,NO_BENEFIT,ETC,0,
2026-10-11 07:02:14,SKT 다이렉트,전월 실적 80만 원 이상 기본 2만 5천 원,https://shop.tworld.co.kr/nf/index_nf_yp_plan.html?exhibitionId=P00000513,"제휴카드 혜택 모음매월 통신비 부담, 이렇게 줄여보세요!",0,NO_BENEFIT,ETC,0,
2026-10-11 07:02:14,SKT 다이렉트,24개월 할부 시 최대 84만 원,https://shop.tworld.co.kr/nf/index_nf_yp_plan.html?exhibitionId=P00000513,"제휴카드 혜택 모음매월 통신비 부담, 이렇게 줄여보세요!",0,NO_BENEFIT,ETC,0,
2026-10-11 07:02:14,SKT 다이렉트,36개월 할부 시 최대 1백 26만 원,https://shop.tworld.co.kr/nf/index_nf_yp_plan.html?exhibitionId=P00000513,"제휴카드 혜택 모음매월 통신비 부담, 이렇게 줄여보세요!",0,NO_BENEFIT,ETC,0,
2026-10-11 07:02:14,SKT 다이렉트,전월 실적 50만 원 이상 기본 8천 원,https://shop.tworld.co.kr/nf/index_nf_yp_plan.html?exhibitionId=P00000513,"제휴카드 혜택 모음매월 통신비 부담, 이렇게 줄여보세요!",0,NO_BENEFIT,ETC,0,
2026-10-11 07:02:14,SKT 다이렉트,24개월 할부 시 최대 81만 6천 원,https://shop.tworld.co.kr/nf/index_nf_yp_plan.html?exhibitionId=P00000513,"제휴카드 혜택 모음매월 통신비 부담, 이렇게 줄여보세요!",0,NO_BENEFIT,ETC,0,
2026-10-11 07:02:14,SKT 다이렉트,현대카드 M.Ed3 라이트 할부형 2.0,https://shop.tworld.co.kr/nf/index_nf_yp_plan.html?exhibitionId=P00000513,"제휴카드 혜택 모음매월 통신비 부담, 이렇게 줄여보세요!",0,NO_BENEFIT,ETC,0,
2026-10-11 07:02:14,SKT 다이렉트,최대 3만 3천 원/월 청구할인,https://shop.tworld.co.kr/nf/index_nf_yp_plan.html?exhibitionId=P00000513,"제휴카드 혜택 모음매월 통신비 부담, 이렇게 줄여보세요!",0,NO_BENEFIT,ETC,0,
2026-10-11 07:02:14,SKT 다이렉트,전월 실적 50만 원 이상 기본 1만 5천 원,https://shop.tworld.co.kr/nf/index_nf_yp_plan.html?exhibitionId=P00000513,"제휴카드 혜택 모음매월 통신비 부담, 이렇게 줄여보세요!",0,NO_BENEFIT,ETC,0,
2026-10-11 07:02:14,SKT 다이렉트,24개월 할부 시 최대 79만 2천 원,https://shop.tworld.co.kr/nf/index_nf_yp_plan.html?exhibitionId=P00000513,"제휴카드 혜택 모음매월 통신비 부담, 이렇게 줄여보세요!",0,NO_BENEFIT,ETC,0,
2026-10-11 07:02:14,SKT 다이렉트,전월 실적 30만 원 이상 기본 1만 원,https://shop.tworld.co.kr/nf/index_nf_yp_plan.html?exhibitionId=P00000513,"제휴카드 혜택 모음매월 통신비 부담, 이렇게 줄여보세요!",0,NO_BENEFIT,ETC,0,
2026-10-11 07:02:14,SKT 다이렉트,24개월 할부 시 최대 62만 4천 원,https://shop.tworld.co.kr/nf/index_nf_yp_plan.html?exhibitionId=P00000513,"제휴카드 혜택 모음매월 통신비 부담, 이렇게 줄여보세요!",0,NO_BENEFIT,ETC,0,
2026-10-11 07:02:14,SKT 다이렉트,36개월 할부 시 최대 93만 6천 원,https://shop.tworld.co.kr/nf/index_nf_yp_plan.html?exhibitionId=P00000513,"제휴카드 혜택 모음매월 통신비 부담, 이렇게 줄여보세요!",0,NO_BENEFIT,ETC,0,
2026-10-11 07:02:14,SKT 다이렉트,전월 실적 30만 원 이상 기본 8천 원,https://shop.tworld.co.kr/nf/index_nf_yp_plan.html?exhibitionId=P00000513,"제휴카드 혜택 모음매월 통신비 부담, 이렇게 줄여보세요!",0,NO_BENEFIT,ETC,0,
2026-10-11 07:02:14,SKT 다이렉트,24개월 할부 시 최대 60만 원,https://shop.tworld.co.kr/nf/index_nf_yp_plan.html?exhibitionId=P00000513,"제휴카드 혜택 모음매월 통신비 부담, 이렇게 줄여보세요!",0,NO_BENEFIT,ETC,0,
2026-10-11 07:02:14,SKT 다이렉트,전월 실적 40만 원 이상 기본 1만 원,https://shop.tworld.co.kr/nf/index_nf_yp_plan.html?exhibitionId=P00000513,"제휴카드 혜택 모음매월 통신비 부담, 이렇게 줄여보세요!",0,NO_BENEFIT,ETC,0,
2026-10-11 07:02:14,SKT 다이렉트,24개월 할부 시 최대 57만 6천 원,https://shop.tworld.co.kr/nf/index_nf_yp_plan.html?exhibitionId=P00000513,"제휴카드 혜택 모음매월 통신비 부담, 이렇게 줄여보세요!",0,NO_BENEFIT,ETC,0,
2026-10-11 07:02:14,SKT 다이렉트,전월 실적 40만 원 이상 기본 1만 1천 원,https://shop.tworld.co.kr/nf/index_nf_yp_plan.html?exhibitionId=P00000513,"제휴카드 혜택 모음매월 통신비 부담, 이렇게 줄여보세요!",0,NO_BENEFIT,ETC,0,
2026-10-11 07:02:14,SKT 다이렉트,+ 프로모션 캐시백 1만 2천 원,https://shop.tworld.co.kr/nf/index_nf_yp_plan.html?exhibitionId=P00000513,"제휴카드 혜택 모음매월 통신비 부담, 이렇게 줄여보세요!",0,NO_BENEFIT,ETC,0,
2026-10-11 07:02:14,SKT 다이렉트,24개월 할부 시 최대 55만 2천 원,https://shop.tworld.co.kr/nf/index_nf_yp_plan.html?exhibitionId=P00000513,"제휴카드 혜택 모음매월 통신비 부담, 이렇게 줄여보세요!",0,NO_BENEFIT,ETC,0,
2026-10-11 07:02:14,SKT 다이렉트,24개월 할부 시 최대 52만 8천 원,https://shop.tworld.co.kr/nf/index_nf_yp_plan.html?exhibitionId=P00000513,"제휴카드 혜택 모음매월 통신비 부담, 이렇게 줄여보세요!",0,NO_BENEFIT,ETC,0,
2026-10-11 07:02:14,SKT 다이렉트,36개월 할부 시 최대 79만 2천 원,https://shop.tworld.co.kr/nf/index_nf_yp_plan.html?exhibitionId=P00000513,"제휴카드 혜택 모음매월 통신비 부담, 이렇게 줄여보세요!",0,NO_BENEFIT,ETC,0,
2026-10-11 07:02:14,SKT 다이렉트,매달 마지막 날까지 24개월 또는 36개월 기기 할부 및 스마트기기 요금제를 해지하지 않고 유지해야 할인,https://shop.tworld.co.kr/nf/index_nf_yp_plan.html?exhibitionId=P00000472,"iPhone 17 Pro & iPhone Air & iPhone 17기다림은 짧게, 혜택은 특별하게, T 다이렉트샵",0,NO_BENEFIT,ETC,0,
2026-10-11 07:02:14,SKT 다이렉트,스마트기기 요금제를 이용 중인 회선을 한 달에 8일 이상 일시 정지하면 그달에는 할인 혜택을,https://shop.tworld.co.kr/nf/index_nf_yp_plan.html?exhibitionId=P00000472,"iPhone 17 Pro & iPhone Air & iPhone 17기다림은 짧게, 혜택은 특별하게, T 다이렉트샵",0,NO_BENEFIT,ETC,0,
2026-10-11 07:02:14,SKT 다이렉트,할부 기간은 24개월 또는 36개월로만 선택할 수 있으며 그 외 기간 선택 시 혜택을 받으실,https://shop.tworld.co.kr/nf/index_nf_yp_plan.html?exhibitionId=P00000472,"iPhone 17 Pro & iPhone Air & iPhone 17기다림은 짧게, 혜택은 특별하게, T 다이렉트샵",0,NO_BENEFIT,ETC,0,
2026-10-11 07:02:14,SKT 다이렉트,"24개월 또는 36개월 동안 요금제 구간에 따른 할인이 제공되며, 기기별로 월 최대 할인 금액을 초과하는",https://shop.tworld.co.kr/nf/index_nf_yp_plan.html?exhibitionId=P00000472,"iPhone 17 Pro & iPhone Air & iPhone 17기다림은 짧게, 혜택은 특별하게, T 다이렉트샵",0,NO_BENEFIT,ETC,0,
2026-10-11 07:02:14,SKT 다이렉트,"월 48,000원 - 월 33,000원 (5개월",https://shop.tworld.co.kr/nf/index_nf_yp_plan.html?exhibitionId=P00000326,"월 1만 원대부터 쓰는 5G USIM 요금제통신비 고민, 티다에서 해결!",0,NO_BENEFIT,ETC,0,
2026-10-11 07:02:14,SKT 다이렉트,2026년 10월 1일(목)~2026년 10월 31일(토),https://shop.tworld.co.kr/nf/index_nf_yp_plan.html?exhibitionId=P00000326,"월 1만 원대부터 쓰는 5G USIM 요금제통신비 고민, 티다에서 해결!",0,NO_BENEFIT,ETC,0,
2026-10-11 07:02:14,SKT 다이렉트,프로모션 대상 요금제 개통 다음 달 포함 6개월 유지 시,https://shop.tworld.co.kr/nf/index_nf_yp_plan.html?exhibitionId=P00000326,"월 1만 원대부터 쓰는 5G USIM 요금제통신비 고민, 티다에서 해결!",0,NO_BENEFIT,ETC,0,
2026-10-11 07:02:14,SKT 다이렉트,개통 다다음 달 5일경 개통한 휴대폰 번호로 문자 메시지(MMS) 발송,https://shop.tworld.co.kr/nf/index_nf_yp_plan.html?exhibitionId=P00000326,"월 1만 원대부터 쓰는 5G USIM 요금제통신비 고민, 티다에서 해결!",0,NO_BENEFIT,ETC,0,
2026-10-11 07:02:14,SKT 다이렉트,"프로모션 혜택으로 제공되는 '티빙 광고형 스탠다드' 구독권은 '티빙 스탠다드' 또는 '티빙 프리미엄'으로 변경하실 수 있습니다. 이 경우 최대 6,500원 할인 후, 차액에 따른 추가 요금이 발생합니다.",https://shop.tworld.co.kr/nf/index_nf_yp_plan.html?exhibitionId=P00000478,인터넷 + B tv와 함께 휴대폰 USIM 변경하기한 번에 이동하면 혜택이 더 커져요!,0,NO_BENEFIT,ETC,0,
2026-10-11 07:02:14,SKT 다이렉트,USIM/eSIM 개통 후 14일 안에 혜택을 등록해야 12개월/6개월간 혜택을 받으실 수 있습니다. 이후 가입하면 월 단위로 혜택 제공 기간이 줄어듭니다.,https://shop.tworld.co.kr/nf/index_nf_yp_plan.html?exhibitionId=P00000478,인터넷 + B tv와 함께 휴대폰 USIM 변경하기한 번에 이동하면 혜택이 더 커져요!,0,NO_BENEFIT,ETC,0,
2026-10-11 07:02:14,SKT 다이렉트,"최대 12개월 혜택 대상 요금제를 6개월 대상 요금제로 변경하면 혜택이 즉시 종료됩니다. 또한 최대 6개월 혜택 대상 요금제를 12개월 대상 요금제로 변경해도, 최초 가입한 요금제에 따라 6개월 혜택만 받으실 수 있습니다.",https://shop.tworld.co.kr/nf/index_nf_yp_plan.html?exhibitionId=P00000478,인터넷 + B tv와 함께 휴대폰 USIM 변경하기한 번에 이동하면 혜택이 더 커져요!,0,NO_BENEFIT,ETC,0,
2026-10-11 07:02:14,SKT 다이렉트,"쿠폰으로 충전한 쿠키는 충전한 날부터 30일 동안 사용 가능하며, 이후 소멸됩니다.",https://shop.tworld.co.kr/nf/index_nf_yp_plan.html?exhibitionId=P00000478,인터넷 + B tv와 함께 휴대폰 USIM 변경하기한 번에 이동하면 혜택이 더 커져요!,0,NO_BENEFIT,ETC,0,
2026-10-11 07:02:14,SKT 다이렉트,쿠폰 등록 기간과 쿠키 사용 기간은 연장할 수 없습니다.,https://shop.tworld.co.kr/nf/index_nf_yp_plan.html?exhibitionId=P00000478,인터넷 + B tv와 함께 휴대폰 USIM 변경하기한 번에 이동하면 혜택이 더 커져요!,0,NO_BENEFIT,ETC,0,
2026-10-11 07:02:14,SKT 다이렉트,쿠폰으로 충전한 쿠키는 사용 기간 동안 여러 번 나눠 쓰실 수 있습니다.,https://shop.tworld.co.kr/nf/index_nf_yp_plan.html?exhibitionId=P00000478,인터넷 + B tv와 함께 휴대폰 USIM 변경하기한 번에 이동하면 혜택이 더 커져요!,0,NO_BENEFIT,ETC,0,
2026-10-11 07:02:14,SKT 다이렉트,"고객님께서 주문서에 입력하신 번호로 전화드리며, 10일 이상 연결되지 않으면 주문이 취소될 수 있습니다.",https://shop.tworld.co.kr/nf/index_nf_yp_plan.html?exhibitionId=P00000496,갤럭시 S26 자급제 구매하셨다면USIM 가입 시 드리는 혜택 확인하세요,0,NO_BENEFIT,ETC,0,
2026-10-11 07:02:14,SKT 다이렉트,"지급일 전월 말일 기준으로 프로모션 대상이 아닌 요금제로 변경하거나, 일시정지/이용정지/명의변경, 회선 해지 시 혜택 제공이 중단됩니다.",https://shop.tworld.co.kr/nf/index_nf_yp_plan.html?exhibitionId=P00000496,갤럭시 S26 자급제 구매하셨다면USIM 가입 시 드리는 혜택 확인하세요,0,NO_BENEFIT,ETC,0,
2026-10-11 07:02:14,SKT 다이렉트,네이버페이 포인트는 첫 지급 월 포함 6개월간 제공됩니다.,https://shop.tworld.co.kr/nf/index_nf_yp_plan.html?exhibitionId=P00000496,갤럭시 S26 자급제 구매하셨다면USIM 가입 시 드리는 혜택 확인하세요,0,NO_BENEFIT,ETC,0,
2026-10-11 07:02:14,SKT 다이렉트,네이버페이 포인트는 개통 다다음달부터 6개월 동안 매달 5일경 개통한 휴대폰 번호로 문자 메시지(MMS)가 발송됩니다.(공휴일이 포함된 달에는 혜택 발송이 늦어질 수 있습니다.),https://shop.tworld.co.kr/nf/index_nf_yp_plan.html?exhibitionId=P00000496,갤럭시 S26 자급제 구매하셨다면USIM 가입 시 드리는 혜택 확인하세요,0,NO_BENEFIT,ETC,0,
2026-10-11 07:02:14,SKT 다이렉트,프로모션 대상 요금제로 주문 접수 후 프로모션 기간 중 개통이 완료되어야 혜택이 제공됩니다.,https://shop.tworld.co.kr/nf/index_nf_yp_plan.html?exhibitionId=P00000496,갤럭시 S26 자급제 구매하셨다면USIM 가입 시 드리는 혜택 확인하세요,0,NO_BENEFIT,ETC,0,
2026-10-11 07:02:14,SKT 다이렉트,포인트 증정 후 기간 내 등록 및 사용하시기 바랍니다.,https://shop.tworld.co.kr/nf/index_nf_yp_plan.html?exhibitionId=P00000496,갤럭시 S26 자급제 구매하셨다면USIM 가입 시 드리는 혜택 확인하세요,0,NO_BENEFIT,ETC,0,
2026-10-11 07:02:14,SKT 다이렉트,"이 쿠폰은 프로모션 경품으로, 유효 기간을 연장하거나 환불하실 수 없습니다.",https://shop.tworld.co.kr/nf/index_nf_yp_plan.html?exhibitionId=P00000496,갤럭시 S26 자급제 구매하셨다면USIM 가입 시 드리는 혜택 확인하세요,0,NO_BENEFIT,ETC,0,
2026-10-11 07:02:14,SKT 다이렉트,"기본으로 제공되는 '티빙 광고형 스탠다드' 구독권은 '티빙 스탠다드' 또는 '티빙 프리미엄'으로 변경하실 수 있으며, 이 경우 최대 6,500원까지 할인 후 차액에 따른 추가 요금이 발생합니다.",https://shop.tworld.co.kr/nf/index_nf_yp_plan.html?exhibitionId=P00000496,갤럭시 S26 자급제 구매하셨다면USIM 가입 시 드리는 혜택 확인하세요,0,NO_BENEFIT,ETC,0,
2026-10-11 07:02:14,SKT 다이렉트,"USIM 또는 eSIM 개통 후 14일 이내에 혜택을 등록하셔야 최대 12개월/6개월간 혜택이 제공되며, 이후 가입 시에 월 단위로 혜택 제공 기간이 단축됩니다.",https://shop.tworld.co.kr/nf/index_nf_yp_plan.html?exhibitionId=P00000496,갤럭시 S26 자급제 구매하셨다면USIM 가입 시 드리는 혜택 확인하세요,0,NO_BENEFIT,ETC,0,
2026-10-11 07:02:14,SKT 다이렉트,최대 12개월권 혜택을 제공하는 요금제에서 최대 6개월권 혜택을 제공하는 요금제로 변경하시는 경우 혜택 지급이 즉시 종료됩니다. 최대 6개월권 혜택을 제공하는 요금제에서 최대 12개월권 혜택을 제공하는 요금제로 변경하시는 경우 최초 가입하신 요금제에 따라 최대 6개월 동안 혜택이 지급됩니다.,https://shop.tworld.co.kr/nf/index_nf_yp_plan.html?exhibitionId=P00000496,갤럭시 S26 자급제 구매하셨다면USIM 가입 시 드리는 혜택 확인하세요,0,NO_BENEFIT,ETC,0,
2026-10-11 07:02:14,SKT 다이렉트,"쿠폰으로 충전한 쿠키는 충전한 날부터 30일 동안 사용하실 수 있으며, 이후 소멸됩니다.",https://shop.tworld.co.kr/nf/index_nf_yp_plan.html?exhibitionId=P00000496,갤럭시 S26 자급제 구매하셨다면USIM 가입 시 드리는 혜택 확인하세요,0,NO_BENEFIT,ETC,0,
2026-10-11 07:02:14,SKT 다이렉트,쿠폰 등록 기간과 쿠키 사용 기간을 연장하실 수 없습니다.,https://shop.tworld.co.kr/nf/index_nf_yp_plan.html?exhibitionId=P00000496,갤럭시 S26 자급제 구매하셨다면USIM 가입 시 드리는 혜택 확인하세요,0,NO_BENEFIT,ETC,0,
2026-10-11 07:02:14,SKT 다이렉트,쿠폰으로 충전한 쿠키는 사용 기간 동안 여러 번 나눠 사용하실 수 있습니다.,https://shop.tworld.co.kr/nf/index_nf_yp_plan.html?exhibitionId=P00000496,갤럭시 S26 자급제 구매하셨다면USIM 가입 시 드리는 혜택 확인하세요,0,NO_BENEFIT,ETC,0,
2026-10-11 07:02:14,SKT 다이렉트,스마트기기 요금제를 이용 중인 회선을 한 달에 8일 이상 일시 정지하면 그 달에는 할인 혜택을 받으실 수 없습니다.,https://shop.tworld.co.kr/nf/index_nf_yp_plan.html?exhibitionId=P00000460,티다의 완벽한 혜택 가이드티다의 혜택이 궁금하다면!,0,NO_BENEFIT,ETC,0,
2026-10-11 07:02:14,SKT 다이렉트,할부 기간은 24개월 또는 36개월로만 선택할 수 있으며 그 외 기간을 선택하시면 혜택을 받으실 수 없습니다.,https://shop.tworld.co.kr/nf/index_nf_yp_plan.html?exhibitionId=P00000460,티다의 완벽한 혜택 가이드티다의 혜택이 궁금하다면!,0,NO_BENEFIT,ETC,0,
2026-10-11 07:02:14,SKT 다이렉트,"24개월 또는 36개월 동안 요금제 구간에 따른 할인이 제공되며, 단말 별로 월 최대 할인 금액을 초과하는 부분에 대해 추가 비용이 청구될 수 있습니다.",https://shop.tworld.co.kr/nf/index_nf_yp_plan.html?exhibitionId=P00000456,Galaxy Z Fold7 | Z Flip7더 가볍게 펼쳐지는 AI,0,NO_BENEFIT,ETC,0,
2026-10-11 07:02:14,SKT 다이렉트,"요금 할인 내역과 백화점 상품권의 지급액은 가입 상품과 약정 기간에 따라 다르며, 자세한 내용은 가입 상담 시 확인하시기 바랍니다.",https://shop.tworld.co.kr/nf/index_nf_yp_plan.html?exhibitionId=P00000433,소상공인 사장님을 위한 더드림 성공 패키지 출시사장님과 성공을 연결합니다!,0,NO_BENEFIT,ETC,0,
2026-10-11 07:02:14,SKT 다이렉트,"36개월 간 요금 할인이 제공되며, 기간 종료 후 재약정 시 동일한 할인 요금으로 사용하실 수 있습니다.",https://shop.tworld.co.kr/nf/index_nf_yp_plan.html?exhibitionId=P00000433,소상공인 사장님을 위한 더드림 성공 패키지 출시사장님과 성공을 연결합니다!,0,NO_BENEFIT,ETC,0,
2026-10-11 07:02:14,KTM 모바일,가입 신청일 기준으로 제공됩니다.,https://www.ktmmobile.com/event/eventDetail.do?ntcartSeq=1289,"[아이폰자급제] 매월 3만원x8개월, 10월 최대 45만원!",0,NO_BENEFIT,ETC,0,
2026-10-11 07:02:14,KTM 모바일,"모바일 상품권은 유효기간이 30일이며, 기간 내 미사용 시 재발송이 불가합니다.",https://www.ktmmobile.com/event/eventDetail.do?ntcartSeq=1289,"[아이폰자급제] 매월 3만원x8개월, 10월 최대 45만원!",0,NO_BENEFIT,ETC,0,
2026-10-11 07:02:14,KTM 모바일,"5만원 초과 경품 당첨 고객은 제세공과금(22%) 신고를 위해 개인정보 수집·이용 동의가 필요합니다. 이벤트 응모 시 가입한 휴대폰 번호로 동의 문자가 발송되며, 기간 내 미동의 시 당첨이 자동 취소됩니다.",https://www.ktmmobile.com/event/eventDetail.do?ntcartSeq=1289,"[아이폰자급제] 매월 3만원x8개월, 10월 최대 45만원!",0,NO_BENEFIT,ETC,0,
2026-10-11 07:02:14,KTM 모바일,"포인트 수령 후 2개월 이내에 회원가입을 완료해야 하며, 가입 익일부터 1년간 사용 가능합니다.",https://www.ktmmobile.com/event/eventDetail.do?ntcartSeq=1289,"[아이폰자급제] 매월 3만원x8개월, 10월 최대 45만원!",0,NO_BENEFIT,ETC,0,
2026-10-11 07:02:14,KTM 모바일,2012년 10월 1일 이후 출생 고객은 M마켓 포인트 대신 네이버페이로 지급됩니다.,https://www.ktmmobile.com/event/eventDetail.do?ntcartSeq=1289,"[아이폰자급제] 매월 3만원x8개월, 10월 최대 45만원!",0,NO_BENEFIT,ETC,0,
2026-10-11 07:02:14,KTM 모바일,10월 1일부터 10월 15일까지,https://www.ktmmobile.com/event/eventDetail.do?ntcartSeq=1289,"[아이폰자급제] 매월 3만원x8개월, 10월 최대 45만원!",0,NO_BENEFIT,ETC,0,
2026-10-11 07:02:14,KTM 모바일,"이벤트 대상 : 이벤트 기간 내 신규 가입(신규/번호이동) 후, 사은품 지급 시점까지 아래 대상 자급제를 등록 및 유지한 고객",https://www.ktmmobile.com/event/eventDetail.do?ntcartSeq=1289,"[아이폰자급제] 매월 3만원x8개월, 10월 최대 45만원!",0,NO_BENEFIT,ETC,0,
2026-10-11 07:02:14,KTM 모바일,혜택 내용 : M마켓 포인트 24만원,https://www.ktmmobile.com/event/eventDetail.do?ntcartSeq=1289,"[아이폰자급제] 매월 3만원x8개월, 10월 최대 45만원!",0,NO_BENEFIT,ETC,0,
2026-10-11 07:02:14,KTM 모바일,"대상 요금제 : 5,000원 이상 요금제",https://www.ktmmobile.com/event/eventDetail.do?ntcartSeq=1289,"[아이폰자급제] 매월 3만원x8개월, 10월 최대 45만원!",0,NO_BENEFIT,ETC,0,
2026-10-11 07:02:14,KTM 모바일,"※ 제외 요금제 : 단말 요금제, 데이터 년 9GB, LTE 스마트워치, 5천원 미만 요금제",https://www.ktmmobile.com/event/eventDetail.do?ntcartSeq=1289,"[아이폰자급제] 매월 3만원x8개월, 10월 최대 45만원!",0,NO_BENEFIT,ETC,0,
2026-10-11 07:02:14,KTM 모바일,혜택 내용 : M마켓 포인트 6만원 · 12만원 · 16만원,https://www.ktmmobile.com/event/eventDetail.do?ntcartSeq=1289,"[아이폰자급제] 매월 3만원x8개월, 10월 최대 45만원!",0,NO_BENEFIT,ETC,0,
2026-10-11 07:02:14,KTM 모바일,"5,000원 이상 ~ 10,000원 미만",https://www.ktmmobile.com/event/eventDetail.do?ntcartSeq=1289,"[아이폰자급제] 매월 3만원x8개월, 10월 최대 45만원!",0,NO_BENEFIT,ETC,0,
2026-10-11 07:02:14,KTM 모바일,"10,000원 이상 ~ 16,000원 미만",https://www.ktmmobile.com/event/eventDetail.do?ntcartSeq=1289,"[아이폰자급제] 매월 3만원x8개월, 10월 최대 45만원!",0,NO_BENEFIT,ETC,0,
2026-10-11 07:02:14,KTM 모바일,"제외 요금제 : 단말 요금제, 데이터 년 9GB, LTE 스마트워치, 5천원 미만 요금제",https://www.ktmmobile.com/event/eventDetail.do?ntcartSeq=1289,"[아이폰자급제] 매월 3만원x8개월, 10월 최대 45만원!",0,NO_BENEFIT,ETC,0,
2026-10-11 07:02:14,KTM 모바일,이벤트 기간 : 10월 1일부터 10월 15일까지,https://www.ktmmobile.com/event/eventDetail.do?ntcartSeq=1289,"[아이폰자급제] 매월 3만원x8개월, 10월 최대 45만원!",0,NO_BENEFIT,ETC,0,
2026-10-11 07:02:14,KTM 모바일,바로배송유심 서비스를 신청 후 해당 유심으로 가입하거나 이마트24/CU/GS25/세븐일레븐 편의점에서 KT바로유심 구매 후 가입 시 3대 마트 + 네이버페이 포인트 2만원권이 지급됩니다.,https://www.ktmmobile.com/event/eventDetail.do?ntcartSeq=1289,"[아이폰자급제] 매월 3만원x8개월, 10월 최대 45만원!",0,NO_BENEFIT,ETC,0,
2026-10-11 07:02:14,KTM 모바일,"지급 시기 : 1만원 (27.2월 중순), 1만원 (27.5월 중순)",https://www.ktmmobile.com/event/eventDetail.do?ntcartSeq=1289,"[아이폰자급제] 매월 3만원x8개월, 10월 최대 45만원!",0,NO_BENEFIT,ETC,0,
2026-10-11 07:02:14,KTM 모바일,초대 받은 친구가 5천원 이상 요금제로 가입한 경우 →,https://www.ktmmobile.com/event/eventDetail.do?ntcartSeq=1289,"[아이폰자급제] 매월 3만원x8개월, 10월 최대 45만원!",0,NO_BENEFIT,ETC,0,
2026-10-11 07:02:14,KTM 모바일,친구 1명당 M마켓 포인트 3만원 지급,https://www.ktmmobile.com/event/eventDetail.do?ntcartSeq=1289,"[아이폰자급제] 매월 3만원x8개월, 10월 최대 45만원!",0,NO_BENEFIT,ETC,0,
2026-10-11 07:02:14,KTM 모바일,친구 1명당 M마켓 포인트 5만원 지급,https://www.ktmmobile.com/event/eventDetail.do?ntcartSeq=1289,"[아이폰자급제] 매월 3만원x8개월, 10월 최대 45만원!",0,NO_BENEFIT,ETC,0,
2026-10-11 07:02:14,KTM 모바일,초대 받은 친구가 5천원 이상 요금제+KT인터넷까지 가입한 경우 →,https://www.ktmmobile.com/event/eventDetail.do?ntcartSeq=1289,"[아이폰자급제] 매월 3만원x8개월, 10월 최대 45만원!",0,NO_BENEFIT,ETC,0,
2026-10-11 07:02:14,KTM 모바일,친구 1명당 M마켓 포인트 5만원 추가 지급,https://www.ktmmobile.com/event/eventDetail.do?ntcartSeq=1289,"[아이폰자급제] 매월 3만원x8개월, 10월 최대 45만원!",0,NO_BENEFIT,ETC,0,
2026-10-11 07:02:14,KTM 모바일,M+2월 5천원 X 10개월,https://www.ktmmobile.com/event/eventDetail.do?ntcartSeq=1289,"[아이폰자급제] 매월 3만원x8개월, 10월 최대 45만원!",0,NO_BENEFIT,ETC,0,
2026-10-11 07:02:14,KTM 모바일,"M+2월에 5만원 일괄 지급 - 제외 대상 : 데이터 년 9GB, LTE 스마트워치, 5천원 미만 요금제 가입 고객 참여 방법",https://www.ktmmobile.com/event/eventDetail.do?ntcartSeq=1289,"[아이폰자급제] 매월 3만원x8개월, 10월 최대 45만원!",0,NO_BENEFIT,ETC,0,
2026-10-11 07:02:14,KTM 모바일,리뷰 작성 기간 : 10월 1일부터 11월 30일 자정까지,https://www.ktmmobile.com/event/eventDetail.do?ntcartSeq=1289,"[아이폰자급제] 매월 3만원x8개월, 10월 최대 45만원!",0,NO_BENEFIT,ETC,0,
2026-10-11 07:02:14,KTM 모바일,참여 대상 : 10월 1일 ~ 30일 내 신규 가입(신규/번호이동) 후 리뷰 작성 기간 내 대상 자급제 후기를 작성한 고객,https://www.ktmmobile.com/event/eventDetail.do?ntcartSeq=1289,"[아이폰자급제] 매월 3만원x8개월, 10월 최대 45만원!",0,NO_BENEFIT,ETC,0,
2026-10-11 07:02:14,KTM 모바일,① 기본 리뷰 혜택 : 텍스트 또는 SNS 리뷰 작성 시 네이버페이 1천원,https://www.ktmmobile.com/event/eventDetail.do?ntcartSeq=1289,"[아이폰자급제] 매월 3만원x8개월, 10월 최대 45만원!",0,NO_BENEFIT,ETC,0,
2026-10-11 07:02:14,KTM 모바일,1등 : 네이버페이 20만원 (1명),https://www.ktmmobile.com/event/eventDetail.do?ntcartSeq=1289,"[아이폰자급제] 매월 3만원x8개월, 10월 최대 45만원!",0,NO_BENEFIT,ETC,0,
2026-10-11 07:02:14,KTM 모바일,2등 : 네이버페이 10만원 (3명),https://www.ktmmobile.com/event/eventDetail.do?ntcartSeq=1289,"[아이폰자급제] 매월 3만원x8개월, 10월 최대 45만원!",0,NO_BENEFIT,ETC,0,
2026-10-11 07:02:14,KTM 모바일,3등 : 네이버페이 1만원 (10명),https://www.ktmmobile.com/event/eventDetail.do?ntcartSeq=1289,"[아이폰자급제] 매월 3만원x8개월, 10월 최대 45만원!",0,NO_BENEFIT,ETC,0,
2026-10-11 07:02:14,KTM 모바일,이벤트 기간 : 10월 1일부터 10월 31일까지,https://www.ktmmobile.com/event/eventDetail.do?ntcartSeq=1289,"[아이폰자급제] 매월 3만원x8개월, 10월 최대 45만원!",0,NO_BENEFIT,ETC,0,
2026-10-11 07:02:14,KTM 모바일,프로모션 기간 내 ‘캐치콜 플러스‘ 부가서비스 가입 후 26년 11월 말까지 서비스 가입 유지 시 N페이 3천원이 증정됩니다.,https://www.ktmmobile.com/event/eventDetail.do?ntcartSeq=1289,"[아이폰자급제] 매월 3만원x8개월, 10월 최대 45만원!",0,NO_BENEFIT,ETC,0,
2026-10-11 07:02:14,KTM 모바일,※ 캐치콜 플러스 이벤트는 개통 신청일이 아닌 ‘부가서비스 가입일’ 기준으로 적용됩니다.,https://www.ktmmobile.com/event/eventDetail.do?ntcartSeq=1289,"[아이폰자급제] 매월 3만원x8개월, 10월 최대 45만원!",0,NO_BENEFIT,ETC,0,
2026-10-11 07:02:14,KTM 모바일,프로모션 기간 내 ‘링투유‘ 부가서비스 가입 후 26년 11월 말까지 서비스 가입 유지 시 메가커피 아메리카노 HOT 쿠폰 1매가 증정됩니다.,https://www.ktmmobile.com/event/eventDetail.do?ntcartSeq=1289,"[아이폰자급제] 매월 3만원x8개월, 10월 최대 45만원!",0,NO_BENEFIT,ETC,0,
2026-10-11 07:02:14,KTM 모바일,※ 링투유 부가서비스 이벤트는 개통 신청일이 아닌 ‘부가서비스 가입일’ 기준으로 적용됩니다.,https://www.ktmmobile.com/event/eventDetail.do?ntcartSeq=1289,"[아이폰자급제] 매월 3만원x8개월, 10월 최대 45만원!",0,NO_BENEFIT,ETC,0,
2026-10-11 07:02:14,KTM 모바일,또는 2만원 이상 요금제 신규 가입 고객,https://www.ktmmobile.com/event/eventDetail.do?ntcartSeq=1289,"[아이폰자급제] 매월 3만원x8개월, 10월 최대 45만원!",0,NO_BENEFIT,ETC,0,
2026-10-11 07:02:14,KTM 모바일,"밀리의 서재 FREE / PAY쿠폰 5,000P / PAY쿠폰 3,000P / 다이소 5,000P /",https://www.ktmmobile.com/event/eventDetail.do?ntcartSeq=1289,"[아이폰자급제] 매월 3만원x8개월, 10월 최대 45만원!",0,NO_BENEFIT,ETC,0,
2026-10-11 07:02:14,KTM 모바일,"올리브영 5,000P / 후후안심 / 지니뮤직 FREE / 모두다 맘껏 7GB+ / 모아진 FREE / 더블팩 / CU 20%할인 / 쿠팡캐시 5000원 / 웨이브 광고형",https://www.ktmmobile.com/event/eventDetail.do?ntcartSeq=1289,"[아이폰자급제] 매월 3만원x8개월, 10월 최대 45만원!",0,NO_BENEFIT,ETC,0,
2026-10-11 07:02:14,KTM 모바일,밀리의 서재 FREE / CU 20%할인 / 모두다 맘껏 10GB+ / 모아진 FREE / 더블팩,https://www.ktmmobile.com/event/eventDetail.do?ntcartSeq=1289,"[아이폰자급제] 매월 3만원x8개월, 10월 최대 45만원!",0,NO_BENEFIT,ETC,0,
2026-10-11 07:02:14,KTM 모바일,"데이터쿠폰은 발급 월 포함 익월까지 마이페이지 등록 가능, 등록월 기준 3개월 말일까지 사용 가능",https://www.ktmmobile.com/event/eventDetail.do?ntcartSeq=1289,"[아이폰자급제] 매월 3만원x8개월, 10월 최대 45만원!",0,NO_BENEFIT,ETC,0,
2026-10-11 07:02:14,KTM 모바일,"지급 시기 : 27.1월 중순, 27.4월 중순, 27.7월 중순",https://www.ktmmobile.com/event/eventDetail.do?ntcartSeq=1289,"[아이폰자급제] 매월 3만원x8개월, 10월 최대 45만원!",0,NO_BENEFIT,ETC,0,
2026-10-11 07:02:14,KTM 모바일,해당 단말 구매 고객 전원 대상으로 M마켓 포인트 5만원이 증정됩니다.,https://www.ktmmobile.com/event/eventDetail.do?ntcartSeq=1289,"[아이폰자급제] 매월 3만원x8개월, 10월 최대 45만원!",0,NO_BENEFIT,ETC,0,
2026-10-11 07:02:14,KTM 모바일,"레드미노트14C, 레드미노트14 5G 구매 고객은 M마켓 포인트 3만원이 추가 지급 됩니다. (총 8만원)",https://www.ktmmobile.com/event/eventDetail.do?ntcartSeq=1289,"[아이폰자급제] 매월 3만원x8개월, 10월 최대 45만원!",0,NO_BENEFIT,ETC,0,
2026-10-11 07:02:14,KTM 모바일,: (KT인터넷 및 TV 신규 가입) 10/1~10/31 (M모바일 결합) 10/1~11/30,https://www.ktmmobile.com/event/eventDetail.do?ntcartSeq=1490,인터넷+TV+모바일 최대 226만원+36만원 혜택!,0,NO_BENEFIT,ETC,0,
2026-10-11 07:02:14,KTM 모바일,"*M모바일 신규(11/30 가입까지), 기존 회원 모두 해당 기간 내 인터넷 및 TV와 결합한 M모바일 고객 중",https://www.ktmmobile.com/event/eventDetail.do?ntcartSeq=1490,인터넷+TV+모바일 최대 226만원+36만원 혜택!,0,NO_BENEFIT,ETC,0,
2026-10-11 07:02:14,KTM 모바일,: (KT인터넷 및 TV 신규 가입) 10/1~10/15 (M모바일 결합) 10/1~11/30,https://www.ktmmobile.com/event/eventDetail.do?ntcartSeq=1490,인터넷+TV+모바일 최대 226만원+36만원 혜택!,0,NO_BENEFIT,ETC,0,
2026-10-11 07:02:14,KTM 모바일,"*M모바일 신규(11/30 가입까지), 기존 회원 모두 해당 기간 내 인터넷 및 TV와 결합시 프로모션 대상에 해당됩니다.",https://www.ktmmobile.com/event/eventDetail.do?ntcartSeq=1490,인터넷+TV+모바일 최대 226만원+36만원 혜택!,0,NO_BENEFIT,ETC,0,
2026-10-11 07:02:14,KTM 모바일,": 인터넷+TV 가입 및 M모바일 결합시 M마켓P 20만원 (인터넷 단독 결합시 15만원, TV 단독 결합시 5만원)",https://www.ktmmobile.com/event/eventDetail.do?ntcartSeq=1490,인터넷+TV+모바일 최대 226만원+36만원 혜택!,0,NO_BENEFIT,ETC,0,
2026-10-11 07:02:14,KTM 모바일,: (밀리의 서재/N페이 대상 요금제) N페이 5만원 (CU 요금제) CU 모바일 상품권 6만원,https://www.ktmmobile.com/event/eventDetail.do?ntcartSeq=1490,인터넷+TV+모바일 최대 226만원+36만원 혜택!,0,NO_BENEFIT,ETC,0,
2026-10-11 07:02:14,KTM 모바일,": 모두다 맘껏 7GB+(CU 20% 할인), 모두다 맘껏 10GB+(CU 20% 할인), 모두다 맘껏 15GB+(CU 20% 할인), 모두다 맘껏 11GB+(CU 20% 할인), 모두다 맘껏 100GB+(CU 20% 할인), 데이터 맘껏 15GB+/100분(CU 20% 할인), 데이터 맘껏 15GB+/300분(CU 20% 할인), 모두다 맘껏 7GB+(밀리의 서재 FREE), 모두다 맘껏 10GB+(밀리의 서재",https://www.ktmmobile.com/event/eventDetail.do?ntcartSeq=1490,인터넷+TV+모바일 최대 226만원+36만원 혜택!,0,NO_BENEFIT,ETC,0,
2026-10-11 07:02:14,KTM 모바일,"FREE), 모두다 맘껏 15GB+(밀리의 서재 FREE), 모두다 맘껏 11GB+(밀리의 서재 FREE), 모두다 맘껏 100GB+(밀리의 서재 FREE), 모두다 맘껏 7GB+(PAY쿠폰 5000P), 모두다 맘껏 10GB+(PAY쿠폰 5000P), 모두다 맘껏 15GB+(PAY쿠폰 5000P), 모두다 맘껏 11GB+(PAY쿠폰 5000P), 모두다 맘껏 100GB+(PAY쿠폰 5000P)",https://www.ktmmobile.com/event/eventDetail.do?ntcartSeq=1490,인터넷+TV+모바일 최대 226만원+36만원 혜택!,0,NO_BENEFIT,ETC,0,
2026-10-11 07:02:14,KTM 모바일,: (KT인터넷 및 TV 신규 가입) 10/1~10/15 (M모바일 신규 가입) 10/1~11/30,https://www.ktmmobile.com/event/eventDetail.do?ntcartSeq=1490,인터넷+TV+모바일 최대 226만원+36만원 혜택!,0,NO_BENEFIT,ETC,0,
2026-10-11 07:02:14,KTM 모바일,(초대한 고객) M마켓P 5만원 *최대 3명 초대까지 사은품 지급,https://www.ktmmobile.com/event/eventDetail.do?ntcartSeq=1490,인터넷+TV+모바일 최대 226만원+36만원 혜택!,0,NO_BENEFIT,ETC,0,
2026-10-11 07:02:14,KTM 모바일,(초대받은 고객) M마켓P 5만원,https://www.ktmmobile.com/event/eventDetail.do?ntcartSeq=1490,인터넷+TV+모바일 최대 226만원+36만원 혜택!,0,NO_BENEFIT,ETC,0,
2026-10-11 07:02:14,KTM 모바일,"피추천인이 기간 내 친구초대 ID를 입력하고 M모바일 요금제 가입을 하고, 이 페이지에서 KT인터넷을 신규로 가입 완료했을 때 제공됩니다.",https://www.ktmmobile.com/event/eventDetail.do?ntcartSeq=1490,인터넷+TV+모바일 최대 226만원+36만원 혜택!,0,NO_BENEFIT,ETC,0,
2026-10-11 07:02:14,KTM 모바일,"M모바일 회선 가입시 제외 요금제: 데이터 년 9GB, LTE 스마트워치, 5천원 미만 요금제",https://www.ktmmobile.com/event/eventDetail.do?ntcartSeq=1490,인터넷+TV+모바일 최대 226만원+36만원 혜택!,0,NO_BENEFIT,ETC,0,
2026-10-11 07:02:14,KTM 모바일,"KT인터넷을 신규로 개통하고 익월 말까지 M모바일 회선과 결합이 가능합니다. 단, 선불, 데이터전용, 와치, 패드전용, 데이터쉐어링 요금제 회선은 결합이 불가합니다. Ex) 2월 20일 인터넷 신규 개통시 > 3월 31일까지 결합 가능",https://www.ktmmobile.com/event/eventDetail.do?ntcartSeq=1490,인터넷+TV+모바일 최대 226만원+36만원 혜택!,0,NO_BENEFIT,ETC,0,
2026-10-11 07:02:14,KTM 모바일,"(기한 지나면 결합 불가, 기존",https://www.ktmmobile.com/event/eventDetail.do?ntcartSeq=1490,인터넷+TV+모바일 최대 226만원+36만원 혜택!,0,NO_BENEFIT,ETC,0,
2026-10-11 07:02:14,KTM 모바일,"결합 신청 후 영업일 기준 1-2일 정도 소요 후 당월부터 결합할인이 제공되며, 월말 신청시 익월부터 제공될 수 있습니다.",https://www.ktmmobile.com/event/eventDetail.do?ntcartSeq=1490,인터넷+TV+모바일 최대 226만원+36만원 혜택!,0,NO_BENEFIT,ETC,0,
2026-10-11 07:02:14,KTM 모바일,+5GB(아무나SOLO결합)+ 데이터 추가제공 10GB(24개월),https://www.ktmmobile.com/event/eventDetail.do?ntcartSeq=954,친구초대 최대 8만원! 키즈·시니어 혜택도 추가!,0,NO_BENEFIT,ETC,0,
2026-10-11 07:02:14,KTM 모바일,+5GB(아무나SOLO결합)+데이터 추가제공 10GB(24개월),https://www.ktmmobile.com/event/eventDetail.do?ntcartSeq=954,친구초대 최대 8만원! 키즈·시니어 혜택도 추가!,0,NO_BENEFIT,ETC,0,
2026-10-11 07:02:14,KTM 모바일,+10GB(아무나SOLO결합) + 데이터 추가제공 10GB(24개월),https://www.ktmmobile.com/event/eventDetail.do?ntcartSeq=1856,"[갤럭시자급제] 매월 3만원x8개월, 10월 최대 45만원!",0,NO_BENEFIT,ETC,0,
2026-10-11 07:02:14,KTM 모바일,+5GB(아무나SOLO결합) + 데이터 추가제공 10GB(24개월),https://www.ktmmobile.com/event/eventDetail.do?ntcartSeq=1828,"22GB+ 맘껏 요금제 압도적 체감가💸 월 13,500원",0,NO_BENEFIT,ETC,0,
2026-10-11 07:02:14,KTM 모바일,+5GB(아무나 SOLO 결합)+데이터 추가제공 10GB(24개월),https://www.ktmmobile.com/event/eventDetail.do?ntcartSeq=1828,"22GB+ 맘껏 요금제 압도적 체감가💸 월 13,500원",0,NO_BENEFIT,ETC,0,
2026-10-11 07:02:14,KTM 모바일,+10GB(아무나 SOLO 결합)+데이터 추가제공 10GB(24개월),https://www.ktmmobile.com/event/eventDetail.do?ntcartSeq=1830,무한 쿠팡! 매월 쿠팡캐시 5천원 지급 요금제 확인!,0,NO_BENEFIT,ETC,0,
2026-10-11 07:02:14,KTM 모바일,5만원 초과 경품 당첨 고객은 제세공과금(22%) 신고를 위해 개인정보 수집·이용 동의가 필요합니다.,https://www.ktmmobile.com/event/eventDetail.do?ntcartSeq=1866,🍔쯔양 구독자분들을 위한 kt M모바일의 최대 가입 혜택,0,NO_BENEFIT,ETC,0,
2026-10-11 07:02:14,KTM 모바일,"이벤트 응모 시 가입한 휴대폰 번호로 동의 문자가 발송되며, 기간 내 미동의 시 당첨이 자동 취소됩니다.",https://www.ktmmobile.com/event/eventDetail.do?ntcartSeq=1866,🍔쯔양 구독자분들을 위한 kt M모바일의 최대 가입 혜택,0,NO_BENEFIT,ETC,0,
2026-10-11 07:02:14,KTM 모바일,10월 1일부터 10월 31일까지,https://www.ktmmobile.com/event/eventDetail.do?ntcartSeq=1866,🍔쯔양 구독자분들을 위한 kt M모바일의 최대 가입 혜택,0,NO_BENEFIT,ETC,0,
2026-10-11 07:02:14,KTM 모바일,혜택 내용 : CU 간편식 (도시락/줄김밥/샐러드/삼각김밥) 50% 할인권 1매 증정,https://www.ktmmobile.com/event/eventDetail.do?ntcartSeq=1866,🍔쯔양 구독자분들을 위한 kt M모바일의 최대 가입 혜택,0,NO_BENEFIT,ETC,0,
2026-10-11 07:02:14,KTM 모바일,모두다 맘껏 7GB+ (CU 20% 할인),https://www.ktmmobile.com/event/eventDetail.do?ntcartSeq=1866,🍔쯔양 구독자분들을 위한 kt M모바일의 최대 가입 혜택,0,NO_BENEFIT,ETC,0,
2026-10-11 07:02:14,KTM 모바일,모두다 맘껏 10GB+ (CU 20% 할인),https://www.ktmmobile.com/event/eventDetail.do?ntcartSeq=1866,🍔쯔양 구독자분들을 위한 kt M모바일의 최대 가입 혜택,0,NO_BENEFIT,ETC,0,
2026-10-11 07:02:14,KTM 모바일,모두다 맘껏 15GB+ (CU 20% 할인),https://www.ktmmobile.com/event/eventDetail.do?ntcartSeq=1866,🍔쯔양 구독자분들을 위한 kt M모바일의 최대 가입 혜택,0,NO_BENEFIT,ETC,0,
2026-10-11 07:02:14,KTM 모바일,모두다 맘껏 11GB+ (CU 20% 할인),https://www.ktmmobile.com/event/eventDetail.do?ntcartSeq=1866,🍔쯔양 구독자분들을 위한 kt M모바일의 최대 가입 혜택,0,NO_BENEFIT,ETC,0,
2026-10-11 07:02:14,KTM 모바일,모두다 맘껏 100GB+ (CU 20% 할인),https://www.ktmmobile.com/event/eventDetail.do?ntcartSeq=1866,🍔쯔양 구독자분들을 위한 kt M모바일의 최대 가입 혜택,0,NO_BENEFIT,ETC,0,
2026-10-11 07:02:14,KTM 모바일,데이터 맘껏 15GB+/100분 (CU 20% 할인),https://www.ktmmobile.com/event/eventDetail.do?ntcartSeq=1866,🍔쯔양 구독자분들을 위한 kt M모바일의 최대 가입 혜택,0,NO_BENEFIT,ETC,0,
2026-10-11 07:02:14,KTM 모바일,데이터 맘껏 15GB+/300분 (CU 20% 할인),https://www.ktmmobile.com/event/eventDetail.do?ntcartSeq=1866,🍔쯔양 구독자분들을 위한 kt M모바일의 최대 가입 혜택,0,NO_BENEFIT,ETC,0,
2026-10-11 07:02:14,KTM 모바일,1 기본 리뷰 혜택 : 텍스트 또는 SNS 리뷰 작성 시 네이버페이 1천원,https://www.ktmmobile.com/event/eventDetail.do?ntcartSeq=1866,🍔쯔양 구독자분들을 위한 kt M모바일의 최대 가입 혜택,0,NO_BENEFIT,ETC,0,
2026-10-11 07:02:14,U+ 유모바일,※ 혜택 안내를 위한 마케팅 수신 동의 (선택항목)에 미동의 시 사은품 및 경품 혜택을 받을 수 없습니다. (25년 8월 13일 이후 개통 고객부터 적용됩니다. 홈페이지 가입 하시는 경우 가입신청서와 동일하게 마케팅 수신 동의를 하셔야 적용됩니다. ),https://www.uplusumobile.com/event-benefit/event/ongoing/12684,"22GB+ 요금제 월 17,500원 -> 0원!",0,NO_BENEFIT,ETC,0,
2026-10-11 07:02:14,U+ 유모바일,"가입 월 중 해지 시, 요금은 정상요금 기준 사용일 수만큼 계산하여 청구됩니다.",https://www.uplusumobile.com/event-benefit/event/ongoing/12684,"22GB+ 요금제 월 17,500원 -> 0원!",0,NO_BENEFIT,ETC,0,
2026-10-11 07:02:14,U+ 유모바일,"표기된 제공량 및 기본료는 매월 1일부터 말일까지 월단위 기준이며, 월 중 가입 시 사용일 수만큼 계산하여 제공 및 요금이 부과됩니다.",https://www.uplusumobile.com/event-benefit/event/ongoing/12684,"22GB+ 요금제 월 17,500원 -> 0원!",0,NO_BENEFIT,ETC,0,
2026-10-11 07:02:14,U+ 유모바일,"모바일 상품권은 U+유모바일 공식 대행사인 (주)GS엠비즈가 대행합니다. - 모바일 상품권 발송을 위해서는 개인정보(전화번호)가 대행사에 제공됩니다. 모바일 상품권 관련 문의 : 1544-1151(미수령, 재발송 등)",https://www.uplusumobile.com/event-benefit/event/ongoing/12684,"22GB+ 요금제 월 17,500원 -> 0원!",0,NO_BENEFIT,ETC,0,
2026-10-11 07:02:14,U+ 유모바일,"모바일 상품권은 최초 가입한 번호로 발송됩니다. (가입 후 번호 변경 시 반드시 고객센터를 통해 정보 수정을 요청해 주시기 바랍니다.) - 변경된 번호에 대해 별도 정보 수정 요청 없을 경우, 최초 가입된 번호로 발송되며, 변경된 번호로는 재발송이 불가합니다. ※ 별도 추가 요청 없을 경우, 재발송 불가합니다. - 발송 일정은 당사 사정에 의해 변경될 수 있습니다. - 이벤트 상에서 제시된 상품권 이미지와 실제 발송되는 모바일 상품권은 다를 수 있으며, 당사 사정에 의해 상품권이 변경될 수 있습니다. 모바일 상품권 유효기간은 발송 일부터 60일이며 유효기간 연장은 불가합니다.",https://www.uplusumobile.com/event-benefit/event/ongoing/12684,"22GB+ 요금제 월 17,500원 -> 0원!",0,NO_BENEFIT,ETC,0,
2026-10-11 07:02:14,U+ 유모바일,"유효기간 만료 후에는 상품권 사용이 불가하며, 재발송도 불가합니다.",https://www.uplusumobile.com/event-benefit/event/ongoing/12684,"22GB+ 요금제 월 17,500원 -> 0원!",0,NO_BENEFIT,ETC,0,
2026-10-11 07:02:14,U+ 유모바일,사은품 지급일의 경우 하단 각 프로모션마다 상이합니다. 각각의 유의사항을 참고해 주세요,https://www.uplusumobile.com/event-benefit/event/ongoing/12684,"22GB+ 요금제 월 17,500원 -> 0원!",0,NO_BENEFIT,ETC,0,
2026-10-11 07:02:14,U+ 유모바일,"추첨 경품 당첨자 발표 후 제세공과금(22%, 고객 부담) 신고 및 발송 정보 확인을 위해 이벤트 응모 시 가입한 휴대폰 번호로 개별 연락을 드리며, 3일간 연락이 되지 않을 경우 최종 당첨이 취소됩니다.",https://www.uplusumobile.com/event-benefit/event/ongoing/12684,"22GB+ 요금제 월 17,500원 -> 0원!",0,NO_BENEFIT,ETC,0,
2026-10-11 07:02:14,U+ 유모바일,"추첨 경품 당첨자 발표 후 제세공과금 처리는 대행사(KD글로벌 02-419-7400)를 통해 진행되며, 제세공과금 관련 처리를 위해 고객님의 개인정보자료를 요구할 수 있습니다. 이에 미동의 시 최종 당첨이 취소됩니다.",https://www.uplusumobile.com/event-benefit/event/ongoing/12684,"22GB+ 요금제 월 17,500원 -> 0원!",0,NO_BENEFIT,ETC,0,
2026-10-11 07:02:14,U+ 유모바일,"5만 원 초과의 경품은 제세공과금 신고를 위해 당첨자 서류 수취가 필요하며, 서류 미제출 시 자동으로 당첨이 취소됩니다.",https://www.uplusumobile.com/event-benefit/event/ongoing/12684,"22GB+ 요금제 월 17,500원 -> 0원!",0,NO_BENEFIT,ETC,0,
2026-10-11 07:02:14,U+ 유모바일,5만 원 초과의 경품은 제세공과금 신고를 위해 당첨자가 미성년자일 경우 가족관계증명서 확인 후 수령 가능합니다.,https://www.uplusumobile.com/event-benefit/event/ongoing/12684,"22GB+ 요금제 월 17,500원 -> 0원!",0,NO_BENEFIT,ETC,0,
2026-10-11 07:02:14,U+ 유모바일,본 프로모션은 이벤트 기간 내 대상 이벤트코드 입력 후 대상요금제 개통 시 사은품 지급하는 이벤트입니다. (종료 시 별도 표기 예정),https://www.uplusumobile.com/event-benefit/event/ongoing/12684,"22GB+ 요금제 월 17,500원 -> 0원!",0,NO_BENEFIT,ETC,0,
2026-10-11 07:02:14,U+ 유모바일,이벤트코드 : 유모바윌 - 이벤트 기간 : 10월 2일 ~ 10월 12일까지 (※ 당사 사정으로 인해 조기종료될 수 있습니다.) - 사은품 지급일 : 가입월 기준 M+2개월 후부터 매월 20일경 지급됩니다. ※ 이벤트코드 프로모션끼리는 중복 적용이 불가능합니다.,https://www.uplusumobile.com/event-benefit/event/ongoing/12684,"22GB+ 요금제 월 17,500원 -> 0원!",0,NO_BENEFIT,ETC,0,
2026-10-11 07:02:14,U+ 유모바일,"※ 혜택 안내를 위한 마케팅 수신 동의 (선택항목)에 미동의 시 사은품 및 경품 혜택을 받을 수 없습니다. (25년 8월 13일 이후 개통 고객부터 적용됩니다. 홈페이지 회원가입 하시는 경우 가입신청서와 동일하게 마케팅 수신 동의를 하셔야 적용됩니다. ) 사은품 발송일로부터 7일 전까지 회원정보 '광고 수신 동의' 미동의한 경우, 지급 대상에서 제외됩니다.",https://www.uplusumobile.com/event-benefit/event/ongoing/12503,"요금은 줄이고, 데이터는 10GB 더!",0,NO_BENEFIT,ETC,0,
2026-10-11 07:02:14,U+ 유모바일,모바일 상품권은 U+유모바일 공식 대행사인 (주)GS엠비즈가 대행합니다. - 모바일 상품권 발송을 위해서는 개인정보(전화번호)가 대행사에 제공됩니다. 모바일 상품권 관련 문의 : 유모바일 고객센터 (114(자사 휴대폰 무료) 1644-5353(유료)),https://www.uplusumobile.com/event-benefit/event/ongoing/12503,"요금은 줄이고, 데이터는 10GB 더!",0,NO_BENEFIT,ETC,0,
2026-10-11 07:02:14,U+ 유모바일,이벤트코드 : 데이터2배 - 이벤트 기간 : 10월 1일 ~ 10월 12일까지 (※ 당사 사정으로 인해 조기종료될 수 있습니다.) ※ 사은품 : N페이 9만원 (1.5만원 x 6개월) - 지급일 : 가입월 기준 M+2개월 후부터 매월 20일경 지급됩니다. ※ 이벤트코드 프로모션끼리는 중복 적용이 불가능합니다.,https://www.uplusumobile.com/event-benefit/event/ongoing/12503,"요금은 줄이고, 데이터는 10GB 더!",0,NO_BENEFIT,ETC,0,
2026-10-11 07:02:14,U+ 유모바일,"※ 14세 미만은 이마트24 앱 가입이 불가하여, 쿠폰을 가입한 일자 기준으로 익월 초 (영업일 +1일)에 문자메시지를 통해 발송드립니다.",https://www.uplusumobile.com/event-benefit/event/ongoing/10314,✨ 이달 한정 데이터 최대 30GB 추가 제공!,0,NO_BENEFIT,ETC,0,
2026-10-11 07:02:14,U+ 유모바일,"※ 매월 이마트24 5천원 쿠폰 혜택 제공 (24개월간 월 1회) - 이마트24 2천원 금액권 + 1만원 이상 2천원 할인권 + 5천원 이상 1천원 할인권 지급 - 쿠폰 다운로드 기간 : 요금제 가입 익월 1일~말일까지 이마트24 앱에서 다운로드 가능 - 쿠폰 유효기간 : 쿠폰 다운로드 월의 말일까지 <지급 혜택 유의사항> - 대상 요금제 : LTE 스페셜 플러스, LTE 스페셜, LTE (15GB+/통화기본), LTE (10GB+/통화기본), LTE (7GB+/통화기본), LTE (1GB+/통화기본) - 25년 4월 1일부터 유모바일 다이렉트몰에서 위 대상 요금제로 가입한 신규 고객에게 한해 제공됩니다. - 요금제 혜택은 요금제 정지/해지/변경/명의 변경 시 지급이 중단됩니다. ※ 요금제 정지 시 혜택 지급이 중단되지만, 정지 기간이 24개월에 포함됩니다.",https://www.uplusumobile.com/event-benefit/event/ongoing/10314,✨ 이달 한정 데이터 최대 30GB 추가 제공!,0,NO_BENEFIT,ETC,0,
2026-10-11 07:02:14,U+ 유모바일,"<이마트24 5천원 쿠폰 공통 유의사항> - 쿠폰은 하나의 결제 건당 1장만 사용 가능합니다. (중복 사용 불가합니다.) - 쿠폰별 사용 가능 매장이 다를 수 있으니 사용매장 정보를 확인해주세요. - 주문 취소 시 쿠폰은 자동 재발행됩니다. - 쿠폰을 사용한 결제 건의 경우 일부 상품만 취소는 불가합니다. - 쿠폰은 유효기간 이후 자동 소멸되며,  소멸된 쿠폰은 재발행되지 않습니다. - 쿠폰은 타인에게 양도 혹은 재판매 하실 수 없으며,  이로 인해 발생한 불이익은 이마트24에서 책임지지 않습니다. - 해당 쿠폰은 여러 결제 건에 중복하여 사용할 수 없으며,  1회 사용 시 소멸됩니다. - 구독쿠폰 할인 또는 통신사 할인 적용 시,  해당 할인이 적용된 최종 금액에 쿠폰이 사용됩니다. - 노브랜드 상품은 쿠폰 적용이 불가하며,  최소구매금액은 노브랜드 상품을 제외한 금액 기준입니다. - 주류, 담배, 서비스, 노브랜드 상품은 쿠폰 사용 불가합니다. - 사이먼,  주유소,  휴게소 내 입점 점포 등 일부 특수매장 및 이마트,  이마트에브리데이 매장을 제외한 이마트24 전 매장에서 사용 가능합니다. 본 프로모션은 이벤트 기간 내 대상 이벤트코드 입력 후 대상요금제 개통 시 사은품 지급하는 이벤트입니다.",https://www.uplusumobile.com/event-benefit/event/ongoing/10314,✨ 이달 한정 데이터 최대 30GB 추가 제공!,0,NO_BENEFIT,ETC,0,
2026-10-11 07:02:14,U+ 유모바일,"이벤트코드 : 10월가입혜택 - 이벤트 기간 : 10월 1일 ~ 10월 12일까지 (※ 당사 사정으로 인해 조기종료될 수 있습니다.) ※ 사은품 - 5G (125GB+/통화기본), 5G (95GB+/통화기본), 5G (50GB+/통화기본), LTE (15GB+/통화기본), LTE 스페셜, LTE 스페셜 플러스 : N페이 15만원 (2.5만원 x 6개월) - LTE (7GB+/통화기본), LTE (10GB+/통화기본), PAY (7GB+/통화기본) : N페이 12만원 (2만원 x 6개월) - 지급일 : 가입월 기준 M+2개월 후부터 매월 20일경 지급됩니다. ※ 이벤트코드 프로모션끼리는 중복 적용이 불가능합니다.",https://www.uplusumobile.com/event-benefit/event/ongoing/10314,✨ 이달 한정 데이터 최대 30GB 추가 제공!,0,NO_BENEFIT,ETC,0,
2026-10-11 07:02:14,U+ 유모바일,이벤트코드 : 6개월무료체험 - 이벤트 기간 : 10월 1일 ~ 10월 12일까지 (※ 당사 사정으로 인해 조기종료될 수 있습니다.) ※ 사은품 : N페이 3만원 (5천원 x 6개월) - 지급일 : 가입월 기준 M+2개월 후부터 매월 20일경 지급됩니다. ※ 이벤트코드 프로모션끼리는 중복 적용이 불가능합니다.,https://www.uplusumobile.com/event-benefit/event/ongoing/12510,유모바일 인기요금제 6개월 무료체험 찬스!,0,NO_BENEFIT,ETC,0,
2026-10-11 07:02:14,U+ 유모바일,*사은품 지급일 7일 이전까지 동의 완료해주세요,https://www.uplusumobile.com/event-benefit/event/ongoing/11998,빠르게 개통하고 신세계상품권 더!,0,NO_BENEFIT,ETC,0,
2026-10-11 07:02:14,U+ 유모바일,본 프로모션은 기간 내 쿠팡/4대 편의점/지금배송/다이소 유심/eSIM으로 대상 요금제 개통 시 사은품 추가 지급되는 혜택입니다.,https://www.uplusumobile.com/event-benefit/event/ongoing/11998,빠르게 개통하고 신세계상품권 더!,0,NO_BENEFIT,ETC,0,
2026-10-11 07:02:14,U+ 유모바일,"대상요금제 : 11, 000원 이상 요금제 - 이벤트 기간 : 10월 9일 ~ 10월 11일까지 (10월 12일까지 개통가능) (※ 당사 사정으로 인해 조기종료될 수 있습니다.) - 사은품 : N페이 2만원 (1만원X2개월) - 제외 요금제 : S Plus 요금제 - 지급일 : 가입월 기준 M+2개월부터 매월 20일경 지급 -※ 외부채널 가입 고객은 해당 프로모션 사은품 지급 대상에서 제외됩니다.",https://www.uplusumobile.com/event-benefit/event/ongoing/11998,빠르게 개통하고 신세계상품권 더!,0,NO_BENEFIT,ETC,0,
2026-10-11 07:02:14,U+ 유모바일,매월 쿠팡이츠 5천원 쿠팡캐시 1매 제공! (24개월 간 월 1회),https://www.uplusumobile.com/event-benefit/event/ongoing/12513,"내가 원하는 진짜 알뜰폰, 시그니처 요금제",0,NO_BENEFIT,ETC,0,
2026-10-11 07:02:14,U+ 유모바일,쿠폰 받는 방법: 매월 16일 문자로 쿠폰 발송,https://www.uplusumobile.com/event-benefit/event/ongoing/12513,"내가 원하는 진짜 알뜰폰, 시그니처 요금제",0,NO_BENEFIT,ETC,0,
2026-10-11 07:02:14,U+ 유모바일,"쿠폰 유효기간: 쿠폰 발급일로부터 30일 이내 사용 ※ 쿠폰 제공일이 주말 또는 공휴일인 경우, 다음 영업일에 지급",https://www.uplusumobile.com/event-benefit/event/ongoing/12513,"내가 원하는 진짜 알뜰폰, 시그니처 요금제",0,NO_BENEFIT,ETC,0,
2026-10-11 07:02:14,U+ 유모바일,"이미 보유 중인 쿠팡캐시 및 교환된 쿠팡캐시의 합이 50만원을 초과하는 경우, 50만원을 초과하는 부분은 예치되었다가,  쿠팡캐시 사용에 따라 예치된 금액은 쿠팡캐시로 자동전환됩니다.",https://www.uplusumobile.com/event-benefit/event/ongoing/12513,"내가 원하는 진짜 알뜰폰, 시그니처 요금제",0,NO_BENEFIT,ETC,0,
2026-10-11 07:02:14,U+ 유모바일,쿠팡캐시 1회 사용 최대액은 50만원으로 제한됩니다.,https://www.uplusumobile.com/event-benefit/event/ongoing/12513,"내가 원하는 진짜 알뜰폰, 시그니처 요금제",0,NO_BENEFIT,ETC,0,
2026-10-11 07:02:14,U+ 유모바일,배달 혜택요금제 쿠팡이츠 쿠팡캐시 혜택은 26년 9월 1일 가입자부터 제공됩니다.,https://www.uplusumobile.com/event-benefit/event/ongoing/12513,"내가 원하는 진짜 알뜰폰, 시그니처 요금제",0,NO_BENEFIT,ETC,0,
2026-10-11 07:02:14,U+ 유모바일,요금제 혜택은 요금제 정지/해지/변경/명의 변경 시 지급이 중단됩니다 ※ 일시정지 시에는 혜택이 중단되지만 정지 기간이 24개월에 포함 (예: 1회 혜택 제공 후 3개월 일시정지 시 → 혜택 제공 횟수 12회 중 4회 차감),https://www.uplusumobile.com/event-benefit/event/ongoing/12513,"내가 원하는 진짜 알뜰폰, 시그니처 요금제",0,NO_BENEFIT,ETC,0,
2026-10-11 07:02:14,U+ 유모바일,"쿠팡이츠 쿠폰은 24개월까지 제공되며, 25개월차부터 혜택이 제공되지 않으며 요금제 판가가 인하됩니다. 단, 인하된 금액은 혜택 제공 시점에 따라 변동될 수 있습니다. (26년 9월 가입 → 28년 10월부터 요금 인하)",https://www.uplusumobile.com/event-benefit/event/ongoing/12513,"내가 원하는 진짜 알뜰폰, 시그니처 요금제",0,NO_BENEFIT,ETC,0,
2026-10-11 07:02:14,U+ 유모바일,※ 매월 모바일티머니 적립 쿠폰 1만원 제공 (12개월),https://www.uplusumobile.com/event-benefit/event/ongoing/12513,"내가 원하는 진짜 알뜰폰, 시그니처 요금제",0,NO_BENEFIT,ETC,0,
2026-10-11 07:02:14,U+ 유모바일,■ 지급 사은품: 모바일티머니 적립 쿠폰 1만원 (12개월 간),https://www.uplusumobile.com/event-benefit/event/ongoing/12513,"내가 원하는 진짜 알뜰폰, 시그니처 요금제",0,NO_BENEFIT,ETC,0,
2026-10-11 07:02:14,U+ 유모바일,■ 수령 방법: 개통 익월부터 매월 16일 경 알림톡 혹은 문자로 발송,https://www.uplusumobile.com/event-benefit/event/ongoing/12513,"내가 원하는 진짜 알뜰폰, 시그니처 요금제",0,NO_BENEFIT,ETC,0,
2026-10-11 07:02:14,U+ 유모바일,■ 쿠폰 유효기간: 쿠폰 지급일의 익월 말일,https://www.uplusumobile.com/event-benefit/event/ongoing/12513,"내가 원하는 진짜 알뜰폰, 시그니처 요금제",0,NO_BENEFIT,ETC,0,
2026-10-11 07:02:14,U+ 유모바일,"발급된 쿠폰은 유효기간 내 등록/사용하지 않으면 소멸되며, 유효기간 만료 후 재발급은 불가합니다.",https://www.uplusumobile.com/event-benefit/event/ongoing/12513,"내가 원하는 진짜 알뜰폰, 시그니처 요금제",0,NO_BENEFIT,ETC,0,
2026-10-11 07:02:14,U+ 유모바일,"※ 단, 일시정지 시에도 혜택 횟수는 차감 (Ex : 1회 혜택 제공 후 3개월 일시정지 시 → 혜택 제공 횟수 12회 중 4회 차감)",https://www.uplusumobile.com/event-benefit/event/ongoing/12513,"내가 원하는 진짜 알뜰폰, 시그니처 요금제",0,NO_BENEFIT,ETC,0,
2026-10-11 07:02:14,U+ 유모바일,"본 프로모션은 기간 내 대상 요금제를 가입 완료한 고객님께 사은품을 증정하는 프로모션입니다. - 대상 요금제 : 플러스알파 요금제 지급 사은품 : 매월 헬리코박터 프로젝트 윌 10개 + 프레딧 5천원 할인쿠폰 6매 제공! (24개월 간 월 1회) (선착순 300명이나, 종료 시 별도 표기 예정)",https://www.uplusumobile.com/event-benefit/event/ongoing/12513,"내가 원하는 진짜 알뜰폰, 시그니처 요금제",0,NO_BENEFIT,ETC,0,
2026-10-11 07:02:14,U+ 유모바일,■ 쿠폰 받는 방법 : 매월 16일 문자로 쿠폰 발송,https://www.uplusumobile.com/event-benefit/event/ongoing/12513,"내가 원하는 진짜 알뜰폰, 시그니처 요금제",0,NO_BENEFIT,ETC,0,
2026-10-11 07:02:14,U+ 유모바일,■ 쿠폰 유효기간 : 쿠폰 받은 날의 익월 말까지,https://www.uplusumobile.com/event-benefit/event/ongoing/12513,"내가 원하는 진짜 알뜰폰, 시그니처 요금제",0,NO_BENEFIT,ETC,0,
2026-10-11 07:02:14,U+ 유모바일,※ 최초 쿠폰 지급일은 개통 익월 16일경입니다.,https://www.uplusumobile.com/event-benefit/event/ongoing/12513,"내가 원하는 진짜 알뜰폰, 시그니처 요금제",0,NO_BENEFIT,ETC,0,
2026-10-11 07:02:14,U+ 유모바일,"② 신선간편식&라이프 5천원 할인쿠폰: [장바구니에 신선간편식, 라이프 상품 총 3만원 이상 담은 후 주문] - [결제 시 쿠폰 적용]",https://www.uplusumobile.com/event-benefit/event/ongoing/12513,"내가 원하는 진짜 알뜰폰, 시그니처 요금제",0,NO_BENEFIT,ETC,0,
2026-10-11 07:02:14,U+ 유모바일,"<헬리코박터 프로젝트 윌 무료교환쿠폰 사용 유의사항> - 한 번 사용된 쿠폰은 재사용이 불가능합니다. - 윌 쿠폰은 프레딧 계정당 최대 4회까지 등록 가능합니다. - 배송은 hy의 프레시매니저가 진행하며, 프레시매니저 배송 특성 상 배송 불가 지역이 있을 수 있습니다. 해당 경우엔 배송 신청이 불가합니다. - 윌 교환권 사용 후에는 배송지 변경 및 취소, 재발급이 어려우니 신중하게 주문을 진행해주시길 바랍니다. <신선간편식&라이프 5천원 할인쿠폰 유의사항> - 할인쿠폰은 최소주문금액 3만원 이상 시에만 사용이 가능하며, 1회 주문 시 1개만 사용이 가능합니다. - 유제품, 건강식품, 위탁상품 등 일부 제품의 경우 쿠폰 사용이 불가능할 수 있습니다. <요금제 세부 유의사항>",https://www.uplusumobile.com/event-benefit/event/ongoing/12513,"내가 원하는 진짜 알뜰폰, 시그니처 요금제",0,NO_BENEFIT,ETC,0,
2026-10-11 07:02:14,U+ 유모바일,※ 일시정지 시에는 혜택이 중단되지만 정지 기간이 12개월에 포함 (예: 1회 혜택 제공 후 3개월 일시정지 시 → 혜택 제공 횟수 24회 중 4회 차감),https://www.uplusumobile.com/event-benefit/event/ongoing/12513,"내가 원하는 진짜 알뜰폰, 시그니처 요금제",0,NO_BENEFIT,ETC,0,
2026-10-11 07:02:14,U+ 유모바일,"5. 헬리코박터 프로젝트 윌 및 프레딧 할인쿠폰은 24개월까지 제공되며, 25개월차부터 혜택이 제공되지 않으며 요금제 판가가 인하됩니다. 단, 인하된 금액은 혜택 제공 시점에 따라 변동될 수 있습니다. (25년 3월 가입 → 27년 3월부터 요금 인하)",https://www.uplusumobile.com/event-benefit/event/ongoing/12513,"내가 원하는 진짜 알뜰폰, 시그니처 요금제",0,NO_BENEFIT,ETC,0,
2026-10-11 07:02:14,U+ 유모바일,다성비 [매월 다이소 5천원] 요금제 가입 시 혜택 유의사항,https://www.uplusumobile.com/event-benefit/event/ongoing/12513,"내가 원하는 진짜 알뜰폰, 시그니처 요금제",0,NO_BENEFIT,ETC,0,
2026-10-11 07:02:14,U+ 유모바일,<다성비 요금제 5천원 상품권 혜택 유의사항>,https://www.uplusumobile.com/event-benefit/event/ongoing/12513,"내가 원하는 진짜 알뜰폰, 시그니처 요금제",0,NO_BENEFIT,ETC,0,
2026-10-11 07:02:14,U+ 유모바일,"본 프로모션은 대상 요금제를 가입 완료한 고객님께 사은품을 증정하는 프로모션입니다. - 대상 요금제 : 다성비 [매월 다이소 5천원] 요금제 - 지급 사은품 : 매월 다이소 5천원권 24개월간 증정 (선착순 1, 000명이나, 종료시 별도 표기 예정) ※ 상품권 유효기간 : 쿠폰 발급일로부터 30일 이내 사용",https://www.uplusumobile.com/event-benefit/event/ongoing/12513,"내가 원하는 진짜 알뜰폰, 시그니처 요금제",0,NO_BENEFIT,ETC,0,
2026-10-11 07:02:14,U+ 유모바일,"※ 다성비 (17GB+/통화기본) [매월 다이소 5천원] 및 다성비 (25GB+/통화기본) [매월 다이소 5천원]의 데이터 10GB는 24개월간 지급되며, 25개월차부터는 각각 LTE 7GB+ 및 LTE 15GB+로 스펙과 판가가 변경됩니다.",https://www.uplusumobile.com/event-benefit/event/ongoing/12513,"내가 원하는 진짜 알뜰폰, 시그니처 요금제",0,NO_BENEFIT,ETC,0,
2026-10-11 07:02:14,U+ 유모바일,※ 25개월차 변경 요금은 혜택 종료 시점에 따라 변동될 수 있습니다.,https://www.uplusumobile.com/event-benefit/event/ongoing/12513,"내가 원하는 진짜 알뜰폰, 시그니처 요금제",0,NO_BENEFIT,ETC,0,
2026-10-11 07:02:14,U+ 유모바일,"데이터 추가 제공은 피추천인(추천 받은 고객) 가입월에 제공되며, 제공 시점 기준 24개월간 제공됩니다.",https://www.uplusumobile.com/event-benefit/event/ongoing/11812,매월 다이소 5천원권 받는 다성비 요금제!,0,NO_BENEFIT,ETC,0,
2026-10-11 07:02:14,U+ 유모바일,"예시 : 6월 중 친구 추천 신규가입 (LTE 스페셜) → 6월 중 친구 추천 데이터 추가 증정 (+20GB), 이후 매월 1일 친구 추천 데이터 추가 증정 (지급 기준 24개월간)",https://www.uplusumobile.com/event-benefit/event/ongoing/11812,매월 다이소 5천원권 받는 다성비 요금제!,0,NO_BENEFIT,ETC,0,
2026-10-11 07:02:14,U+ 유모바일,기존 유모바일 가입 고객도 프로모션 기간 내 신규 가입 후 대상 요금제 가입 시 혜택 적용됩니다.,https://www.uplusumobile.com/event-benefit/event/ongoing/11812,매월 다이소 5천원권 받는 다성비 요금제!,0,NO_BENEFIT,ETC,0,
2026-10-11 07:02:14,U+ 유모바일,데이터 추가 제공 기간 내 정지 및 요금제 해지하는 경우 데이터 추가 혜택 지급이 중단됩니다.,https://www.uplusumobile.com/event-benefit/event/ongoing/11812,매월 다이소 5천원권 받는 다성비 요금제!,0,NO_BENEFIT,ETC,0,
2026-10-11 07:02:14,U+ 유모바일,"LTE스페셜플러스, LTE스페셜프로, LTE스페셜, 이십세스페셜, 10%적립스페셜, 아이핏라이트5G180GB+, 아이핏라이트5G125GB+, 아이핏라이트100GB+, 아이핏라이트71GB+, 아이핏맥스5G180GB+, 아이핏맥스5G125GB+, 아이핏맥스100GB+, 아이핏맥스71GB+, SPlus5G125GB+, SPlusLTE71GB+, 빽다방100잔71GB+, 교보문고 북 플러스알파 (100GB+/통화기본), 교보문고 북 플러스알파 (71GB+/통화기본), 자급제폰케어 (71GB+/통화기본), 5G스페셜프로, 5G스페셜, 5G (125GB+/통화기본), LTEeSIM스페셜플러스, LTEeSIM스페셜프로, LTEeSIM스페셜, 아이핏라이트eSIM5G180GB+, 아이핏라이트eSIM5G125GB+, 아이핏라이트eSIM100GB+, 아이핏라이트eSIM71GB+, 아이핏맥스eSIM5G180GB+, 아이핏맥스eSIM5G125GB+, 아이핏맥스eSIM100GB+, 아이핏맥스eSIM71GB+, 5GeSIM스페셜프로, 5GeSIM스페셜, 5GeSIM (125GB+/통화기본), LTE유심스페셜플러스, 유심데이터·통화마음껏 (올영쿠폰), 유심알뜰인퍼펙트 (데이터·통화마음껏), 희망풍차 (데이터·통화마음껏), GS255G (150GB+), GS25 (데이터·통화마음껏Pro), GS25경영주님 (데이터·통화마음껏), GS25더팝플러스 (데이터·통화마음껏), GS25 (데이터·통화마음껏) (GS25쿠폰), GS25스페셜, 홈플러스 (데이터·통화마음껏), 10%적립5G스페셜, 10%적립5G (150GB+), 10%적립스페셜프로, 10%적립 (데이터·통화마음껏Pro), 10%적립 (데이터·통화마음껏) (Npay쿠폰), 10%적립 (데이터·통화마음껏), 유독할인스페셜플러스, 유독할인스페셜, 유심데이터11, 카앤피플스페셜, 바로고 (데이터·통화마음껏Pro), 바로고 (데이터·통화마음껏), 시원스쿨 (데이터·통화마음껏), 이마트24경영주님 (데이터·통화마음껏), 탄소중립실천포인트스페셜, 현대카드 (데이터·통화마음껏), 유심사과5G (180GB+), 이동의즐거움 K-패스 (100GB+/통화기본), 플러스알파 (71GB+/통화기본), 이동의즐거움 K-패스 (71GB+/통화기본), [휴대폰] LTE스페셜프로, [휴대폰] LTE스페셜, [휴대폰] 5G스페셜프로, [휴대폰] 5G스페셜, [휴대폰] 5G (125GB+/통화기본), [휴대폰] LTE (15GB+/통화기본), [휴대폰] 5G (95GB+/통화기본), [휴대폰] 5G (80GB+/통화기본), [휴대폰] 5G (50GB+/통화기본), 다성비 (71GB+/통화기본), YOUNG (100GB+/통화기본), YOUNG (71GB+/통화기본), 다성비 (71GB+/통화기본) [매월 다이소 5천원], GS25 (150GB+/통화기본), GS25 (71GB+/통화기본), 자급제폰케어 (100GB+/통화기본), LTE 스페셜 [약정형], LTE 스페셜 플러스 [약정형], 이츠 (100GB+/통화기본), 이츠 (71GB+/통화기본)",https://www.uplusumobile.com/event-benefit/event/ongoing/11812,매월 다이소 5천원권 받는 다성비 요금제!,0,NO_BENEFIT,ETC,0,
2026-10-11 07:02:14,U+ 유모바일,"LTE (15GB+/통화기본), LTE (10GB+/통화기본), LTE (15GB+/300분), 이십세 (15GB+/300분), SPlus5G95GB+, SPlus5G50GB+, SPlusLTE15GB+1Mbps, SPlusLTE10GB+, 빽다방100잔15GB+, 교보문고 북 플러스알파 (15GB+/통화기본), 교보문고 북 플러스알파 (10GB+/통화기본), 5G (95GB+/통화기본), 5G (80GB+/통화기본), 5G (50GB+/통화기본), 5G (31GB+/통화기본), LTEeSIM (15GB+/통화기본), LTEeSIM (10GB+/통화기본), LTEeSIM (15GB+/300분), 5GeSIM (95GB+/통화기본), 5GeSIM (80GB+/통화기본), 5GeSIM (50GB+/통화기본), 5GeSIM (31GB+/통화기본), 갤럭시 틴즈 (10GB+/기본), 유심최강가성비 (15GB+/300분), 이십세15GB+Special, GS25 (15GB+/300분), 홈플러스 (15GB+/300분), 바로고 (15GB+/300분), LTE (15GB+/100분), 아이핏라이트15GB+/300분, 아이핏맥스15GB+/300분, 데이터플러스 (15GB+/100분), SPlusLTE15GB+, LTEeSIM (15GB+/100분), 아이핏라이트eSIM15GB+/300분, 아이핏맥스eSIM15GB+/300분, GS25 (15GB+/100분), 홈플러스 (15GB+/100분), 유독할인 (15GB+/100분), 랄라블라 (15GB+/100분), 시원스쿨 (15GB+/100분), 현대카드 (15GB+/100분), LTE (15GB+/180분), LTEeSIM (15GB+/180분), 이십세15GB+, GS25 (15GB+/180분), 홈플러스 (15GB+/180분), 더피플라이프 LTE 15GB+, 이동의즐거움 K-패스 (15GB+/통화기본), 데이터플러스 (15GB+/통화기본), 플러스알파 (15GB+/통화기본), [휴대폰] LTE (15GB+/통화기본), [휴대폰] LTE (10GB+/통화기본), [휴대폰] 5G (95GB+/통화기본), [휴대폰] 5G (80GB+/통화기본), [휴대폰] 5G (50GB+/통화기본), [휴대폰] 5G (31GB+/통화기본), [휴대폰] LTE (15GB+/100분), [휴대폰] 데이터플러스 (15GB+/통화기본), 데이터플러스 (10GB+/통화기본), 다성비 (15GB+/100분), 다성비 (10GB+/통화기본), YOUNG (15GB+/300분), YOUNG 5G (50GB+/통화기본), 다성비 (25GB+/통화기본), 다성비 (25GB+/통화기본) [매월 다이소 5천원], GS25 (25GB+/100분), LTE (15GB+/100분) [약정형], LTE (10GB+/통화기본) [약정형], LTE (15GB+/100분) [약정형], 이츠 (25GB+/통화기본)",https://www.uplusumobile.com/event-benefit/event/ongoing/11812,매월 다이소 5천원권 받는 다성비 요금제!,0,NO_BENEFIT,ETC,0,
2026-10-11 07:02:14,U+ 유모바일,"LTE (7GB+/통화기본), 이십세 (7GB+/통화기본), 10%적립 (7GB+/통화기본), SPlusLTE7GB+, 빽다방100잔7GB+, 자급제폰케어 (7GB+/통화기본), 5G (12GB+/통화기본), LTEeSIM (7GB+/통화기본), 5GeSIM (12GB+/통화기본), GS255G (12GB+), 10%적립5G (12GB+/통화기본), 10%적립5G (12GB+), 유독할인 (7GB+/통화기본), 이마트24경영주님 (통화마음껏·데이터7GB+), 탄소중립실천포인트 (7GB+/통화기본), 현대카드 (통화마음껏데이터7GB+), 더피플라이프 LTE 7GB+, 이동의즐거움 K-패스 (7GB+/통화기본), 데이터플러스 (7GB+/통화기본), 5G (14GB+/통화기본), 플러스알파 (7GB+/통화기본), [휴대폰] 알뜰한 (7GB+/통화기본), [휴대폰] 5G (12GB+/통화기본), [휴대폰] 5G (14GB+/통화기본), [휴대폰] 데이터플러스 (7GB+/통화기본), 다성비 (17GB+/통화기본), 다성비 (7GB+/통화기본), 다성비 (17GB+/통화기본) [매월 다이소 5천원], 다성비 (7GB+/통화기본) [매월 다이소 5천원], LTE (7GB+/통화기본) [약정형], 이츠 (7GB+/통화기본)",https://www.uplusumobile.com/event-benefit/event/ongoing/11812,매월 다이소 5천원권 받는 다성비 요금제!,0,NO_BENEFIT,ETC,0,
2026-10-11 07:02:14,U+ 유모바일,기기변경 문의는 고객센터(1644-5353)로 전화 주시면 자세한 안내 받아보실 수 있습니다.,https://www.uplusumobile.com/event-benefit/event/ongoing/12640,우리 아이 안심 키즈폰 출시!,0,NO_BENEFIT,ETC,0,
2026-10-11 07:02:14,U+ 유모바일,본 모바일 쿠폰은 유효기간 연장 및 환불 대상이 아닙니다.,https://www.uplusumobile.com/event-benefit/event/ongoing/12370,배달비 통신비 줄여주는 꿀조합 요금제,0,NO_BENEFIT,ETC,0,
2026-10-11 07:02:14,U+ 유모바일,"혜택 : 쿠팡이츠 쿠팡캐시(5천원권, 24개월 제공)",https://www.uplusumobile.com/event-benefit/event/ongoing/12370,배달비 통신비 줄여주는 꿀조합 요금제,0,NO_BENEFIT,ETC,0,
2026-10-11 07:02:14,U+ 유모바일,※ 올리브영 5천원 상품권 + 5천원 장바구니 할인쿠폰 제공 (12개월),https://www.uplusumobile.com/event-benefit/event/ongoing/11860,"올리브영 1만원 혜택, YOUNG 요금제",0,NO_BENEFIT,ETC,0,
2026-10-11 07:02:14,U+ 유모바일,5천원 상품권 : 전국 오프라인 매장(일부 매장 제외) 및 모바일 APP (PC 제외),https://www.uplusumobile.com/event-benefit/event/ongoing/11860,"올리브영 1만원 혜택, YOUNG 요금제",0,NO_BENEFIT,ETC,0,
2026-10-11 07:02:14,U+ 유모바일,5천원 할인쿠폰 : 온라인몰 전용(온라인몰 APP/웹),https://www.uplusumobile.com/event-benefit/event/ongoing/11860,"올리브영 1만원 혜택, YOUNG 요금제",0,NO_BENEFIT,ETC,0,
2026-10-11 07:02:14,U+ 유모바일,<사용 방법> * 5천원 상품권 ㄴ 온라인 사용 시 : 결제 > 모바일상품권 잔액 조회 > 모바일상품권 번호 입력 > 잔액 확인 > 결제 ㄴ 오프라인 사용 시 : 결제 시 직원 제시 * 5천원 할인쿠폰 : MY > 쿠폰 > 쿠폰번호 입력하여 등록 후 결제 시 사용 <유의사항>,https://www.uplusumobile.com/event-benefit/event/ongoing/11860,"올리브영 1만원 혜택, YOUNG 요금제",0,NO_BENEFIT,ETC,0,
2026-10-11 07:02:14,U+ 유모바일,"① 본 상품권은 발행 후 60일간 사용이 가능하며, 만료 후 구매한 상품 교환/반품 시 모바일상품권 재사용은 불가합니다.",https://www.uplusumobile.com/event-benefit/event/ongoing/11860,"올리브영 1만원 혜택, YOUNG 요금제",0,NO_BENEFIT,ETC,0,
2026-10-11 07:02:14,U+ 유모바일,③ 모바일상품권의 유효기간 연장 및 환불은 불가합니다.,https://www.uplusumobile.com/event-benefit/event/ongoing/11860,"올리브영 1만원 혜택, YOUNG 요금제",0,NO_BENEFIT,ETC,0,
2026-10-11 07:02:14,U+ 유모바일,"⑤ 모바일상품권은 금액 내에서 분할 사용이 가능하며, 금액 초과 시 타 결제수단과의 복합 결제가 가능합니다. * 5천원 할인쿠폰",https://www.uplusumobile.com/event-benefit/event/ongoing/11860,"올리브영 1만원 혜택, YOUNG 요금제",0,NO_BENEFIT,ETC,0,
2026-10-11 07:02:14,U+ 유모바일,"② 본 쿠폰은 발행 후 익월 말일까지 사용이 가능하며, 3만원 이상 구매 시에만 사용이 가능합니다.",https://www.uplusumobile.com/event-benefit/event/ongoing/11860,"올리브영 1만원 혜택, YOUNG 요금제",0,NO_BENEFIT,ETC,0,
2026-10-11 07:02:14,U+ 유모바일,⑦ 본 쿠폰을 사용하여 구매한 상품을 전체 반품 시에만 쿠폰 사용 기간 내 재발급됩니다.,https://www.uplusumobile.com/event-benefit/event/ongoing/11860,"올리브영 1만원 혜택, YOUNG 요금제",0,NO_BENEFIT,ETC,0,
2026-10-11 07:02:14,U+ 유모바일,"올리브영 혜택은 개통 익월부터 매월 16일 발송되며, 혜택은 LMS로 발송됩니다. (공휴일일 경우 다음 영업일)",https://www.uplusumobile.com/event-benefit/event/ongoing/11860,"올리브영 1만원 혜택, YOUNG 요금제",0,NO_BENEFIT,ETC,0,
2026-10-11 07:02:14,U+ 유모바일,■ 쿠폰 받는 방법 : 매월 16일 카카오톡 메시지로 쿠폰 발송 (카카오톡 미가입일 시 문자로 발송),https://www.uplusumobile.com/event-benefit/event/ongoing/11568,"11,500원으로 야쿠르트 240개까지 받는 요금제",0,NO_BENEFIT,ETC,0,
2026-10-11 07:02:14,U+ 유모바일,"<헬리코박터 프로젝트 윌 무료교환쿠폰 사용 유의사항> - 한 번 사용된 쿠폰은 재사용이 불가능합니다. - 배송은 hy의 프레시매니저가 진행하며, 프레시매니저 배송 특성 상 배송 불가 지역이 있을 수 있습니다. 해당 경우엔 배송 신청이 불가합니다. - 윌 교환권 사용 후에는 배송지 변경 및 취소, 재발급이 어려우니 신중하게 주문을 진행해주시길 바랍니다. <신선간편식&라이프 5천원 할인쿠폰 유의사항> - 할인쿠폰은 최소주문금액 3만원 이상 시에만 사용이 가능하며, 1회 주문 시 1개만 사용이 가능합니다. - 유제품, 건강식품, 위탁상품 등 일부 제품의 경우 쿠폰 사용이 불가능할 수 있습니다. <요금제 세부 유의사항>",https://www.uplusumobile.com/event-benefit/event/ongoing/11568,"11,500원으로 야쿠르트 240개까지 받는 요금제",0,NO_BENEFIT,ETC,0,
2026-10-11 07:02:14,U+ 유모바일,"<이마트24 5천원 쿠폰 공통 유의사항> - 쿠폰은 하나의 결제 건당 1장만 사용 가능합니다. (중복 사용 불가합니다.) - 쿠폰별 사용 가능 매장이 다를 수 있으니 사용매장 정보를 확인해주세요. - 주문 취소 시 쿠폰은 자동 재발행됩니다. - 쿠폰을 사용한 결제 건의 경우 일부 상품만 취소는 불가합니다. - 쿠폰은 유효기간 이후 자동 소멸되며,  소멸된 쿠폰은 재발행되지 않습니다. - 쿠폰은 타인에게 양도 혹은 재판매 하실 수 없으며,  이로 인해 발생한 불이익은 이마트24에서 책임지지 않습니다. - 해당 쿠폰은 여러 결제 건에 중복하여 사용할 수 없으며,  1회 사용 시 소멸됩니다. - 구독쿠폰 할인 또는 통신사 할인 적용 시,  해당 할인이 적용된 최종 금액에 쿠폰이 사용됩니다. - 노브랜드 상품은 쿠폰 적용이 불가하며,  최소구매금액은 노브랜드 상품을 제외한 금액 기준입니다. - 주류, 담배, 서비스, 노브랜드 상품은 쿠폰 사용 불가합니다. - 사이먼,  주유소,  휴게소 내 입점 점포 등 일부 특수매장 및 이마트,  이마트에브리데이 매장을 제외한 이마트24 전 매장에서 사용 가능합니다. 다른 이벤트도 살펴보세요.",https://www.uplusumobile.com/event-benefit/event/ongoing/11618,이마트24 요금제,0,NO_BENEFIT,ETC,0,
2026-10-11 07:02:14,U+ 유모바일,"본 프로모션은 GS25 요금제 가입을 완료한 고객님께 사은품을 증정하는 프로모션입니다. - 사은품 : 매월 GS25 5천원권 24개월간 증정 (선착순 1, 000명이나, 종료시 별도 표기 예정) - 지급일: 개통 익월부터 매월 16일경(휴일일 경우 익영업일) - 상품권 유효기간 : 쿠폰 발급일로부터 30일 이내 사용 <혜택 종료 유의사항>",https://www.uplusumobile.com/event-benefit/event/ongoing/12129,GS25 요금제 (유모바일),0,NO_BENEFIT,ETC,0,
2026-10-11 07:02:14,U+ 유모바일,"GS25 (25GB+/100분)요금제의 경우 25개월차부터 10GB 추가 데이터가 지급되지 않으며, LTE(15GB+/100분)과 동일한 스펙과 요금으로 변경 됩니다. ※ 25개월차 변경 요금은 혜택 종료시점에 따라 변동 될 수 있습니다.",https://www.uplusumobile.com/event-benefit/event/ongoing/12129,GS25 요금제 (유모바일),0,NO_BENEFIT,ETC,0,
2026-10-11 07:02:14,U+ 유모바일,■ 매월 교보문고 독서 혜택 2종 제공 (24개월간),https://www.uplusumobile.com/event-benefit/event/ongoing/12523,"전자책 무제한+종이책 할인, 교보문고 요금제",0,NO_BENEFIT,ETC,0,
2026-10-11 07:02:14,U+ 유모바일,혜택 ② 교보문고 e교환권 1천원권 1매,https://www.uplusumobile.com/event-benefit/event/ongoing/12523,"전자책 무제한+종이책 할인, 교보문고 요금제",0,NO_BENEFIT,ETC,0,
2026-10-11 07:02:14,U+ 유모바일,※기존 교보문고 북 플러스알파 요금제 가입 고객님은 리뉴얼 전 기존 혜택이 그대로 유지됩니다. (2026년 6월 1일 이후 가입자부터 변경된 신규 혜택 적용,https://www.uplusumobile.com/event-benefit/event/ongoing/12523,"전자책 무제한+종이책 할인, 교보문고 요금제",0,NO_BENEFIT,ETC,0,
2026-10-11 07:02:14,U+ 유모바일,<쿠폰 발송일 및 등록 및 사용 기간>,https://www.uplusumobile.com/event-benefit/event/ongoing/12523,"전자책 무제한+종이책 할인, 교보문고 요금제",0,NO_BENEFIT,ETC,0,
2026-10-11 07:02:14,U+ 유모바일,■ 수령 방법 : 개통 익월부터 매월 16일경 카카오톡 혹은 문자로 발송,https://www.uplusumobile.com/event-benefit/event/ongoing/12523,"전자책 무제한+종이책 할인, 교보문고 요금제",0,NO_BENEFIT,ETC,0,
2026-10-11 07:02:14,U+ 유모바일,"■ 쿠폰 등록 및 사용 기간 - 교보문고 sam무제한 이용권 : 쿠폰 발송일의 익월 말일 - 교보문고 e교환권 1천원권 : 쿠폰 수령일의 익월 15일 ※ 발급된 쿠폰은 유효기간 내 등록/사용하지 않으면 소멸되며, 기간 만료 후 재발급은 불가합니다.",https://www.uplusumobile.com/event-benefit/event/ongoing/12523,"전자책 무제한+종이책 할인, 교보문고 요금제",0,NO_BENEFIT,ETC,0,
2026-10-11 07:02:14,U+ 유모바일,"<혜택 발송 및 종료 유의사항> - 쿠폰 발송 시점에 요금제를 이용 중인 고객에게만 혜택을 제공하며, 요금제 일시정지 시 혜택이 제공되지 않습니다. ※ 단, 일시정지 시에도 혜택 횟수는 차감됩니다. (Ex : 1회 혜택 제공 후 3개월 일시정지 시 -> 혜택 제공 횟수 24회 중 4회 차감)",https://www.uplusumobile.com/event-benefit/event/ongoing/12523,"전자책 무제한+종이책 할인, 교보문고 요금제",0,NO_BENEFIT,ETC,0,
2026-10-11 07:02:14,U+ 유모바일,"■ 쿠폰 등록 바로가기: https://sam.kyobobook.co.kr/dig/sam/my-pass?tabType=SAM - 이용권 등록 후 eBook 검색 -> 도서 상세 페이지에서 'sam' 버튼을 클릭하여 열람할 수 있습니다. (이용권별 열람 가능 도서 상이) - 이미 사용 중인 sam무제한 이용권이 있을 경우 등록 시 기간이 자동 연장되지 않으므로, 중복 이용 방지를 위해 기존 이용권을 해지한 후 등록해 주세요. ※ 교보문고 쿠폰 등록 및 사용 관련 문의 : 교보문고 고객센터 (1544-1900)",https://www.uplusumobile.com/event-benefit/event/ongoing/12523,"전자책 무제한+종이책 할인, 교보문고 요금제",0,NO_BENEFIT,ETC,0,
2026-10-11 07:02:14,U+ 유모바일,"■ 쿠폰 등록 바로가기: https://order.kyobobook.co.kr/myroom/benefit/ecoupon - e교환권 PIN번호를 등록해야 온라인에서 사용 가능하며, 교보캐시나 sam 등 일부 상품 및 타 금권(디지털교환권, 교보크레딧)과의 중복 사용은 제한될 수 있습니다. - 최종 결제 금액 기준 10, 000원 이상 결제 시에만 사용하실 수 있습니다. - 간편가입 회원은 실명인증 진행 후 사용 가능하며, 현금으로의 교환·환불 및 부분사용 후 환불이 불가합니다. ※ 교보문고 요금제 가입/요금제 변경 기간별 적용 혜택",https://www.uplusumobile.com/event-benefit/event/ongoing/12523,"전자책 무제한+종이책 할인, 교보문고 요금제",0,NO_BENEFIT,ETC,0,
2026-10-11 07:02:14,U+ 유모바일,"데이터 추가 제공은 결합 생성일에 제공되며, 제공 시점 기준 24개월간 제공됩니다. ㄴ 예시: 5월 중 랜덤결합 (LTE 스페셜) → 5월 중 랜덤결합 데이터 추가 증정 (+20GB), 이후 매월 1일 랜덤결합 추가 데이터 추가 증정 (지급 기준 24개월간) 데이터 추가 제공 기간 내 정지 및 요금제 해지하는 경우 데이터 추가 혜택 지급이 중단됩니다.",https://www.uplusumobile.com/event-benefit/event/ongoing/12523,"전자책 무제한+종이책 할인, 교보문고 요금제",0,NO_BENEFIT,ETC,0,
2026-10-11 07:02:14,U+ 유모바일,예시) 6월 16일 14:00 추천받은 친구 개통한 경우,https://www.uplusumobile.com/event-benefit/event/ongoing/12523,"전자책 무제한+종이책 할인, 교보문고 요금제",0,NO_BENEFIT,ETC,0,
2026-10-11 07:02:14,U+ 유모바일,① '추천한 나' 6월 16일 13:00 대상 요금제로 변경한 경우 → 추가 데이터 제공 O,https://www.uplusumobile.com/event-benefit/event/ongoing/12523,"전자책 무제한+종이책 할인, 교보문고 요금제",0,NO_BENEFIT,ETC,0,
2026-10-11 07:02:14,U+ 유모바일,② '추천한 나' 6월 16일 14:01 대상 요금제로 변경한 경우 → 추가 데이터 제공 X,https://www.uplusumobile.com/event-benefit/event/ongoing/12523,"전자책 무제한+종이책 할인, 교보문고 요금제",0,NO_BENEFIT,ETC,0,
2026-10-11 07:02:14,U+ 유모바일,"이용 중인 휴대폰에 스팸 설정이 되어 있는 경우, 경품 대행사의 당첨 및 배송 안내 연락을 받지 못할 수 있습니다. - 본 추가보상은 유모바일 가입(유심/이심/휴대폰 개통) 고객님만 참여 가능합니다. - 셀로에 최종 판매가 10만원 이상의 중고폰을 판매하시는 경우, 추가보상(N페이 3만원) 혜택이 지급됩니다. - 최종 판매가 10만원 이상의 갤럭시 S24~26 시리즈 (FE 제외, S25엣지 포함) / 아이폰 14~17 시리즈 (16E, 에어 제외)를 판매하시는 경우에는 추가보상(N페이 5만원) 혜택이 지급됩니다. - N페이 3만원 혜택과 N페이 5만원 혜택은 중복 지급되지 않습니다. - 키오스크로 중고폰 판매할 경우 추가보상은 지급되지 않습니다. - 유모바일 가입번호 1건당 1회만 지급됩니다. - 유모바일 가입 시 전화번호와 셀로에 중고폰 판매 시의 전화번호가 다른 경우 추가보상은 지급되지 않습니다. - 추가보상 지급 시점에 유모바일 해지/일시정지 혹은 셀로 중고폰 판매 취소 시 추가보상은 지급되지 않습니다. - 유모바일에서 별도 진행 중인 셀로 프로모션으로 혜택을 받으시는 경우, 대상에서 제외될 수 있습니다. - 타 셀로 이벤트 혜택과 중복 지급되지 않습니다. - 당사의 사정에 의해 조기 종료 또는 변경될 수 있습니다. - 자세한 내용은 셀로 이벤트 페이지를 참고해주시기 바랍니다. 다른 이벤트도 살펴보세요.",https://www.uplusumobile.com/event-benefit/event/ongoing/12419,쓰던 폰 판매하고 추가보상 받으세요!,0,NO_BENEFIT,ETC,0,
2026-10-11 07:02:14,U+ 유모바일,"첫 eSIM 다운로드 비용(2, 750원)이 청구할인됩니다.",https://www.uplusumobile.com/event-benefit/event/ongoing/12325,이달 한정 eSIM 다운로드비 0원!,0,NO_BENEFIT,ETC,0,
2026-10-11 07:02:14,U+ 유모바일,"-LTE 스페셜 프로, LTE 스페셜 플러스, 교보문고 북 플러스알파 (100GB+/통화기본), LTE 스페셜, 교보문고 북 플러스알파 (71GB+/통화기본), 아이핏 100GB+, 아이핏 71GB+, S Plus LTE 71GB+, 빽다방 100잔 71GB+, 10%적립 스페셜 프로, 유독할인 스페셜 플러스, 이십세 스페셜, 홈플러스(데이터·통화 마음껏), 10%적립 스페셜, GS25 스페셜, 카앤피플 스페셜, 자급제폰케어 (100GB+/통화기본), 자급제폰케어 (71GB+/통화기본), 바로고 (데이터·통화 마음껏), 유독할인 스페셜, 5G 스페셜 프로, 5G 스페셜, 5G (125GB+/통화기본), S Plus 5G 125GB+, [휴대폰] LTE 스페셜 프로, [휴대폰] LTE 스페셜, [휴대폰] 5G 스페셜 프로, [휴대폰] 5G 스페셜, [휴대폰] 5G (125GB+/통화기본), 아이핏 5G (180GB+), 아이핏 5G (125GB+), 플러스알파 (71GB+/통화기본), 이동의즐거움 K-패스 (100GB+/통화기본), 이동의즐거움 K-패스 (71GB+/통화기본), YOUNG (100GB+/통화기본), YOUNG (71GB+/통화기본), 다성비 (71GB+/통화기본), GS25(150GB+/통화기본), GS25(71GB+/통화기본)",https://www.uplusumobile.com/event-benefit/event/ongoing/11706,지금 가입시 10GB 무조건 증정!,0,NO_BENEFIT,ETC,0,
2026-10-11 07:02:14,U+ 유모바일,"-LTE (7GB+/통화기본), S Plus LTE 7GB+, 빽다방 100잔 7GB+, 이십세 (7GB+/통화기본), 10%적립(7GB+/통화기본), 자급제폰케어 (7GB+/통화기본), 유독할인 (7GB+/통화기본), 5G (12GB+/통화기본), 10%적립 5G (12GB+/통화기본), [휴대폰] LTE (7GB+/통화기본), [휴대폰] 5G (12GB+/통화기본), 5G (14GB+/통화기본), [휴대폰] 5G (14GB+/통화기본), 데이터플러스 (7GB+/통화기본), 이동의즐거움 K-패스 (7GB+/통화기본), 플러스알파 (7GB+/통화기본), [휴대폰] 데이터플러스 (7GB+/통화기본), 다성비 (17GB+/통화기본), 다성비 (7GB+/통화기본)",https://www.uplusumobile.com/event-benefit/event/ongoing/11706,지금 가입시 10GB 무조건 증정!,0,NO_BENEFIT,ETC,0,
2026-10-11 07:02:14,U+ 유모바일,"데이터 추가 제공은 결합 생성일에 제공되며, 제공 시점 기준 24개월간 제공됩니다. ㄴ 예시: 5월 중 랜덤결합 (LTE 스페셜) → 5월 중 랜덤결합 데이터 추가 증정 (+20GB), 이후 매월 1일 랜덤결합 추가 데이터 추가 증정 (지급 기준 24개월간) 다른 이벤트도 살펴보세요.",https://www.uplusumobile.com/event-benefit/event/ongoing/11706,지금 가입시 10GB 무조건 증정!,0,NO_BENEFIT,ETC,0,
2026-10-11 07:02:14,U+ 유모바일,"[다성비 요금제 유의사항] * 본 프로모션은 다성비 요금제 가입을 완료한 고객님께 사은품을 증정하는 프로모션입니다. 교보다솜케어 무료 건강상담 혜택 제공 (24개월) - 대상 : 25/9/22 이후 다성비 요금제로 신규 개통하거나 요금제를 변경한 고객 - 사은품 : 전문 의료진 건강상담, 건강검진 우대 예약, 병원/전문 의료진 안내 및 진료 예약 등의 서비스 - 이용권 유효기간: 24개월 - 이용 방법: 건강케어 고객센터에 연락 (1588-7545, 평일 오전 9시~오후 6시) - 혜택 종료 유의사항: 타 요금제 변경/명의 변경/해지 시 혜택이 종료됩니다. (단, 다성비 요금제 간 변경 시 혜택 유지) - 혜택 정지 유의사항: 요금제 일시정지 시 혜택이 제공되지 않으며, 3개월 혜택 이용 후 3개월 일시정지 시 6개월이 차감되어 일시정지를 해제해도 18회만 혜택이 제공됩니다. 건강케어 고객센터 상담 시, 이용하신 통화 시간은 통화 제공량에서 차감되며 초과분은 일반 요금으로 과금될 수 있습니다.",https://www.uplusumobile.com/event-benefit/event/ongoing/12617,건강까지 한번에 챙기는 다성비 요금제,0,NO_BENEFIT,ETC,0,
2026-10-11 07:02:14,U+ 유모바일,서비스 제공기간 및 내용은 당사의 사정에 따라 달라질 수 있습니다.,https://www.uplusumobile.com/event-benefit/event/ongoing/12617,건강까지 한번에 챙기는 다성비 요금제,0,NO_BENEFIT,ETC,0,
2026-10-11 07:02:14,U+ 유모바일,"요금제 환급 혜택은 요금제 개통 및 이즐 K-패스 결합 완료일로부터 계산되며, 최초 환급 쿠폰 지급일은 결합 익월 20일입니다.",https://www.uplusumobile.com/event-benefit/event/ongoing/11673,교통비 절약하는 이즐 K-패스 요금제,0,NO_BENEFIT,ETC,0,
2026-10-11 07:02:14,U+ 유모바일,※ 매월 이즐 K-패스 20% 추가 환급 제공! (최대 1만원 / 12개월),https://www.uplusumobile.com/event-benefit/event/ongoing/11673,교통비 절약하는 이즐 K-패스 요금제,0,NO_BENEFIT,ETC,0,
2026-10-11 07:02:14,U+ 유모바일,■ 발급 방법: 매월 20일 이즐 앱 선물함에 환급 혜택 쿠폰 발급,https://www.uplusumobile.com/event-benefit/event/ongoing/11673,교통비 절약하는 이즐 K-패스 요금제,0,NO_BENEFIT,ETC,0,
2026-10-11 07:02:14,U+ 유모바일,■ 쿠폰 유효기간: 발급 후 7일 이내 확인/충전 (20일~27일),https://www.uplusumobile.com/event-benefit/event/ongoing/11673,교통비 절약하는 이즐 K-패스 요금제,0,NO_BENEFIT,ETC,0,
2026-10-11 07:02:14,U+ 유모바일,"1) 요금제 개통과 이즐 K-패스 가입을 모두 완료한 시점부터 12개월간 요금제 혜택이 제공됩니다. - 이즐 K-패스 카드 먼저 발급 후, 요금제를 개통한 경우에는 요금제 개통 익월부터 혜택이 제공됩니다. - 요금제를 먼저 개통한 후, 이즐 K-패스를 발급한 경우에는 이즐 K-패스 카드 발급일 익월부터 혜택이 제공됩니다. 이즐 K-패스 카드 발급 후 K-패스 홈페이지에 꼭 등록해 주세요.",https://www.uplusumobile.com/event-benefit/event/ongoing/11673,교통비 절약하는 이즐 K-패스 요금제,0,NO_BENEFIT,ETC,0,
2026-10-11 07:02:14,U+ 유모바일,ㄴ전월분 혜택 수령을 위해서는 당월 20일(쿠폰 발급일)까지 요금제를 유지해야 합니다.,https://www.uplusumobile.com/event-benefit/event/ongoing/11673,교통비 절약하는 이즐 K-패스 요금제,0,NO_BENEFIT,ETC,0,
2026-10-11 07:02:14,U+ 유모바일,"ㄴ최초 혜택 대상월은 결합일로부터 혜택을 산정하지만, 결합일로부터 1-2일간의 차이가 발생할 수 있습니다. (4/10 요금제 개통 및 이즐 K-패스 카드 발급 시, 4/10-30 교통비 사용 내역에 대해 혜택 제공하나 1-2일 간의 차이 발생 가능)",https://www.uplusumobile.com/event-benefit/event/ongoing/11673,교통비 절약하는 이즐 K-패스 요금제,0,NO_BENEFIT,ETC,0,
2026-10-11 07:02:14,U+ 유모바일,① 혜택 수령 시점에 요금제 일시정지/해지/변경/명의 변경한 경우 ㄴ 일시정지 시에는 혜택이 중단되지만 정지 기간이 12개월에 포함 (예: 1회 혜택 제공 후 3개월 일시정지 시 → 혜택 제공 횟수 12회 중 4회 차감),https://www.uplusumobile.com/event-benefit/event/ongoing/11673,교통비 절약하는 이즐 K-패스 요금제,0,NO_BENEFIT,ETC,0,
2026-10-11 07:02:14,U+ 유모바일,"5) 요금제 가입일, 사용 기간 등 정책으로 인해 K-패스 환급 20% 금액과 요금제 추가 혜택 20% 금액에는 일부 차이가 있을 수 있습니다.",https://www.uplusumobile.com/event-benefit/event/ongoing/11673,교통비 절약하는 이즐 K-패스 요금제,0,NO_BENEFIT,ETC,0,
2026-10-11 07:02:14,U+ 유모바일,"3) 환급금 쿠폰은 사용 익월 20일에 이즐 앱(이즐충전소/모바일이즐)에 발행되며, 다운로드 및 충전 유효기간은 7일입니다. (만료 후 재발행 불가) ㄴ 국토교통부 쿠폰과 요금제 혜택 쿠폰은 별도 발행되며, 국토교통부 쿠폰은 K-패스 고객센터로 문의 부탁드립니다.",https://www.uplusumobile.com/event-benefit/event/ongoing/11673,교통비 절약하는 이즐 K-패스 요금제,0,NO_BENEFIT,ETC,0,
2026-10-11 07:02:14,U+ 유모바일,"5) K-패스 서비스와 관련한 자세한 사항은 K-패스 홈페이지 또는 K-패스 고객센터로 문의 부탁드립니다. ㄴ K-패스 홈페이지: https://korea-pass.kr/ ㄴ K-패스 정책 및 제도 문의: 국토교통부 대도시권광역교통위원회 044-201-5084, 5086 ㄴ 이용 및 적립금 문의: K-패스 고객센터 031-427-4415 [유심/eSIM 요금제 할인 이벤트]",https://www.uplusumobile.com/event-benefit/event/ongoing/11673,교통비 절약하는 이즐 K-패스 요금제,0,NO_BENEFIT,ETC,0,
2026-10-11 07:02:14,U+ 유모바일,※ 2022년 8월 1일 이후 추천건수/등급에 따라 지급되는 VIP 추가 혜택 프로모션은 당사 사정에 따라 사전 예고 없이 조기 종료 및 변경될 수 있습니다.,https://www.uplusumobile.com/event-benefit/event/ongoing/567,U+유모바일 추천하고 혜택 받자!,0,NO_BENEFIT,ETC,0,
2026-10-11 07:02:14,U+ 유모바일,사은품 지급일의 경우 하단 각 프로모션마다 상이합니다. 각각의 유의사항을 참고 부탁드립니다.,https://www.uplusumobile.com/event-benefit/event/ongoing/11525,10대라면? 갤럭시 S23 월 1천원!,0,NO_BENEFIT,ETC,0,
2026-10-11 07:02:14,U+ 유모바일,"이용 중인 휴대폰에 스팸 설정이 되어 있는 경우, 경품 대행사의 당첨 및 배송 안내 연락을 받지 못할 수 있습니다. - 갤럭시 틴즈의 할인 프로그램은 개통 후 24개월간 적용됩니다. - 프로그램 종료 후 '셀로'로 단말 미반납 시 25개월차부터 단말 사용일까지 할인 미적용된 정상 금액이 청구됩니다. 다른 이벤트도 살펴보세요.",https://www.uplusumobile.com/event-benefit/event/ongoing/11525,10대라면? 갤럭시 S23 월 1천원!,0,NO_BENEFIT,ETC,0,
2026-10-11 07:02:14,U+ 유모바일,"모바일 상품권은 U+유모바일 공식 대행사인 (주)GS엠비즈가 대행합니다. - 모바일 상품권 발송을 위해서는 개인정보(전화번호)가 대행사에 제공됩니다. 모바일 상품권 관련 문의 : 유모바일 고객센터 (114(자사 휴대폰 무료) 1644-5353(유료)) (미수령, 재발송 등)",https://www.uplusumobile.com/event-benefit/event/ongoing/11406,중고폰 판매하고 100% 추가보상!,0,NO_BENEFIT,ETC,0,
2026-10-11 07:02:14,U+ 유모바일,"이용 중인 휴대폰에 스팸 설정이 되어 있는 경우, 경품 대행사의 당첨 및 배송 안내 연락을 받지 못할 수 있습니다. - 본 추가보상은 유모바일 휴대폰 가입(개통) 고객님만 참여 가능합니다. - 휴대폰 가입(개통) 시 중고폰 보상 신청을 완료한 고객님만 대상자에 포함됩니다. - 셀로에 최종 판매가 10만원 이상의 중고폰을 판매하시는 경우, 추가보상(N페이 3만원) 혜택이 지급됩니다. - 최종 판매가 10만원 이상의 갤럭시 S24~26 시리즈 (FE 제외, S25엣지 포함) / 아이폰 14~17 시리즈 (16E, 에어 제외)를 판매하시는 경우에는 추가보상(N페이 5만원) 혜택이 지급됩니다. - N페이 3만원 혜택과 N페이 5만원 혜택은 중복 지급되지 않습니다. - 키오스크로 중고폰 판매할 경우 추가보상은 지급되지 않습니다. - 유모바일 가입번호 1건당 1회만 지급됩니다. - 유모바일 가입 시 전화번호와 셀로에 중고폰 판매 시의 전화번호가 다른 경우 추가보상은 지급되지 않습니다. - 추가보상 지급 시점에 유모바일 해지/일시정지 혹은 셀로 중고폰 판매 취소 시 추가보상은 지급되지 않습니다. - 유모바일에서 별도 진행 중인 셀로 프로모션으로 혜택을 받으시는 경우, 대상에서 제외될 수 있습니다. - 타 셀로 이벤트 혜택과 중복 지급되지 않습니다. - 당사의 사정에 의해 조기 종료 또는 변경될 수 있습니다. - 자세한 내용은 셀로 이벤트 페이지를 참고해주시기 바랍니다. 다른 이벤트도 살펴보세요.",https://www.uplusumobile.com/event-benefit/event/ongoing/11406,중고폰 판매하고 100% 추가보상!,0,NO_BENEFIT,ETC,0,
2026-10-11 07:02:14,U+ 유모바일,"기존 U폰캐시 자동 적립 이력이 없고, 이벤트 신청일 기준 잔여 유폰캐시가 없는 고객에게 지급됩니다. 과거 이벤트를 통한 적립받은 이력이 있는 경우, 전액 사용하거나 소멸했더라도 추가 지급되지 않습니다.",https://www.uplusumobile.com/event-benefit/event/ongoing/12386,회원가입하고! U폰캐시 받고! 휴대폰 할인받으세요!,0,NO_BENEFIT,ETC,0,
2026-10-11 07:02:14,U+ 유모바일,본 프로모션은 기간 내 이벤트를 참여한 고객에게 U폰캐시 5만원을 지급하는 이벤트입니다. - 이벤트 기간 : 10월 1일 ~ 10월 31일까지 (※ 당사 사정으로 인해 조기종료될 수 있습니다.) - 대상 고객 : 이벤트 참여 고객 (회원가입 필수) - U폰캐시 적립일 : 지급 조건 충족 시 이벤트 참여 다음 날 자동 적립 U폰캐시는 적립 이후 소멸 예정일까지 사용하실 수 있습니다.,https://www.uplusumobile.com/event-benefit/event/ongoing/12386,회원가입하고! U폰캐시 받고! 휴대폰 할인받으세요!,0,NO_BENEFIT,ETC,0,
2026-10-11 07:02:14,U+ 유모바일,"(단, U폰캐시는 정책 상 1천원 단위로만 사용할 수 있습니다)",https://www.uplusumobile.com/event-benefit/event/ongoing/12386,회원가입하고! U폰캐시 받고! 휴대폰 할인받으세요!,0,NO_BENEFIT,ETC,0,
2026-10-11 07:02:14,U+ 유모바일,※U폰캐시 적립 또는 사용 금액(5만원 이상)에 따라 소득세 원천징수 신고대상이 될 수 있습니다.,https://www.uplusumobile.com/event-benefit/event/ongoing/12386,회원가입하고! U폰캐시 받고! 휴대폰 할인받으세요!,0,NO_BENEFIT,ETC,0,
2026-10-11 07:02:14,스카이라이프,※홈페이지에서 KT바로유심(편의점) 신규가입 셀프개통이 제한될 수 있습니다. 개통이 제한되는 경우 상담사(1588-8665)로 전화주시면 신속히 도와드리겠습니다.,https://www.skylife.co.kr/event/mobilepromotion.do,10월의 모바일 요금제는 나에게 맞추어 골라서 추천해요!2026.09.30 ~ 2026.10.,0,NO_BENEFIT,ETC,0,
2026-10-11 07:02:14,스카이라이프,"※ 사은품으로 지급되는 S-머니, 기프티콘은 유효기간 내 미사용 시 재발송이 불가하오니 이점 반드시 유의하시기 바랍니다.",https://www.skylife.co.kr/event/mobilepromotion.do,10월의 모바일 요금제는 나에게 맞추어 골라서 추천해요!2026.09.30 ~ 2026.10.,0,NO_BENEFIT,ETC,0,
2026-10-11 07:02:14,스카이라이프,모든 혜택은 혜택 발송일 기준 회선을 유지하고 있는 고객에게만 발송됩니다.,https://www.skylife.co.kr/event/mobilepromotion.do,10월의 모바일 요금제는 나에게 맞추어 골라서 추천해요!2026.09.30 ~ 2026.10.,0,NO_BENEFIT,ETC,0,
2026-10-11 07:02:14,스카이라이프,"이용 신청일 기준, 3개월 이내 개통취소(개통 후 14일 이내 해지) 이력이 10회 이상인 경우 이용 불 승낙 할 수 있습니다.",https://www.skylife.co.kr/event/mobilepromotion.do,10월의 모바일 요금제는 나에게 맞추어 골라서 추천해요!2026.09.30 ~ 2026.10.,0,NO_BENEFIT,ETC,0,
2026-10-11 07:02:14,스카이라이프,"[가입 혜택] * 사은품 제공일: 모바일 개통 월 기준 익월 말 발송 - ☆ 바로배송(퀵), KT바로유심(이마트24,CU,GS25,세븐일레븐) 개통 시 3대마트상품권 또는 네이버페이포인트(선택) 2만원 제공 - eSIM, 택배 유심, 온라인마켓(쿠팡,네이버 등) 유심 고객 가입혜택 미제공 - 대상 요금제 : 전 요금제(월 5천원 미만 요금제, 스마트데이터 2종,웨어러블 Watch 제외). [정기 혜택] * 사은품 제공일 : 익월 말부터 6개월간 지급",https://www.skylife.co.kr/event/mobilepromotion.do,10월의 모바일 요금제는 나에게 맞추어 골라서 추천해요!2026.09.30 ~ 2026.10.,0,NO_BENEFIT,ETC,0,
2026-10-11 07:02:14,스카이라이프,☆3만원 이상 요금제: S-머니 6만원(매월 1만원씩 6개월간 지급),https://www.skylife.co.kr/event/mobilepromotion.do,10월의 모바일 요금제는 나에게 맞추어 골라서 추천해요!2026.09.30 ~ 2026.10.,0,NO_BENEFIT,ETC,0,
2026-10-11 07:02:14,스카이라이프,☆5천원 이상~3만원 미만 요금제: S-머니 3만원(매월 5천원씩 6개월간 지급),https://www.skylife.co.kr/event/mobilepromotion.do,10월의 모바일 요금제는 나에게 맞추어 골라서 추천해요!2026.09.30 ~ 2026.10.,0,NO_BENEFIT,ETC,0,
2026-10-11 07:02:14,스카이라이프,*사은품 지급 월에 유지중인 요금제 구간 기준으로 혜택이 6개월간 발송됩니다. 요금제 변경 시 혜택이 변경 될 수 있습니다.,https://www.skylife.co.kr/event/mobilepromotion.do,10월의 모바일 요금제는 나에게 맞추어 골라서 추천해요!2026.09.30 ~ 2026.10.,0,NO_BENEFIT,ETC,0,
2026-10-11 07:02:14,스카이라이프,"☆S-머니 3만원 - 대상 요금제 : 1만원 이상 요금제 개통한 고객 대상 - 가입 조건 : 10월 내 개통을 완료하고, 아이폰18 시리즈(Pro, Pro Max), Duo 단말기 장착을 유지한 고객 - 사은품 지급 시점 다른 단말기로 변경한 경우 대상에서 제외됩니다. - 모요, 카카오페이 채널에서 개통 시 혜택 대상에서 제외됩니다. [가을맞이 황금빛 골드혜택] *사은품 제공일 : 익월 말 카카오 알림톡 발송 / 선착순 100명",https://www.skylife.co.kr/event/mobilepromotion.do,10월의 모바일 요금제는 나에게 맞추어 골라서 추천해요!2026.09.30 ~ 2026.10.,0,NO_BENEFIT,ETC,0,
2026-10-11 07:02:14,스카이라이프,"☆S-머니 2만원 - 대상 요금제 : 시니어 골드 요금제 개통한 고객 대상(골드 500MB+, 골드 2GB+, 안심골드 2GB+, 안심골드 4GB+, 골드 4.0GB+, 골드 8.0GB+) - 모요, 카카오페이 채널에서 개통 시 혜택 대상에서 제외됩니다. [지니뮤직 30% 할인권 혜택] * 사은품 제공일 : 익월 말 카카오 알림톡 발송 / 선착순 1,000명 - 대상 요금제 : 전 요금제(월 5천원 미만 요금제, 스마트데이터 2종,웨어러블 Watch 제외) - 스마트음악감상(30일) 정기 결제 상품 12개월 30%할인가 5,180원 제공(vat별도, 정상가 7,400원) [밀리의서재 구독권 평생 무료 혜택] * 개통 후 인증 시 즉시 지급 * 요금제 해지 시까지 매월 평생 무료 제공",https://www.skylife.co.kr/event/mobilepromotion.do,10월의 모바일 요금제는 나에게 맞추어 골라서 추천해요!2026.09.30 ~ 2026.10.,0,NO_BENEFIT,ETC,0,
2026-10-11 07:02:14,스카이라이프,[CU요금제 혜택 안내] - 대상요금제 : CU 제휴 요금제 가입 고객 - 제공혜택 (CU 제휴 앱(APP) 등록 필수) ☆CU 오프라인 매장 20% 할인(1인당 월5천원 한도) 혜택,https://www.skylife.co.kr/event/mobilepromotion.do,10월의 모바일 요금제는 나에게 맞추어 골라서 추천해요!2026.09.30 ~ 2026.10.,0,NO_BENEFIT,ETC,0,
2026-10-11 07:02:14,스카이라이프,"☆매월 간편식 30% 할인권(최대 3,000원 한도) 또는 get커피 아이스아메리카노 50% 할인권 2매 중 택 1 제공",https://www.skylife.co.kr/event/mobilepromotion.do,10월의 모바일 요금제는 나에게 맞추어 골라서 추천해요!2026.09.30 ~ 2026.10.,0,NO_BENEFIT,ETC,0,
2026-10-11 07:02:14,스카이라이프,"*할인권은 최대 1,000원 한도내 할인 제공하며, 발행일로부터 7일내 사용가능 * 일부 제품은 할인에서 제외 *자세한 이용방법과 할인 적용 방법은 요금제 안내 페이지를 참고해주세요.",https://www.skylife.co.kr/event/mobilepromotion.do,10월의 모바일 요금제는 나에게 맞추어 골라서 추천해요!2026.09.30 ~ 2026.10.,0,NO_BENEFIT,ETC,0,
2026-10-11 07:02:14,스카이라이프,"데이터 제공 대상 요금제 매월 10GB 24개월간 제공 (요금제 가입시 매월 자동 지급) - 대상 요금제: 모두 충분 7GB+(밀리의서재), 스쿨 7GB+(밀리의 서재), 모두 충분 7GB+(후후안심), 모두 충분 7GB+(Pay_3000), 모두 충분 7GB+(Pay_5000), 모두 충분 7GB+(올리브영_5000), 모두 충분 7GB+(다이소_5000), 모두 충분 7GB+(모아진), 모두 충분 10GB+(밀리의서재), 모두 충분 10GB+(모아진) 모두 충분 10GB+(Pay_5000), 모두 충분 7GB+(지니뮤직), 모두 충분 10GB+(CU), 모두 충분 10GB+(올리브영_5000), 모두 충분 10GB+(다이소_5000), 모두 충분 15GB+(밀리의서재), 모두 충분 15GB+(후후안심), 모두 충분 15GB+(CU), 모두 충분 15GB+(Pay_5000), 모두 충분 15GB+(올리브영_5000), 모두 충분 15GB+(다이소_5000), 모두 충분 15GB+(모아진) 누구나결합 요금제별 데이터 제공량과 동일",https://www.skylife.co.kr/event/mobilepromotion.do,10월의 모바일 요금제는 나에게 맞추어 골라서 추천해요!2026.09.30 ~ 2026.10.,0,NO_BENEFIT,ETC,0,
2026-10-11 07:02:14,스카이라이프,"☆데이터쿠폰 20GB X 4회 증정 프로모션 - 대상 : 1만원 이상 요금제 (제외 요금제: 슬림 1.5GB/150분,골드 500MB+,통화 충분 1.5GB,슬림 3GB/300분,골드 2GB+,통화 충분 2.5GB,안심 골드 2GB+,통화 충분 4.5GB ,스쿨 2GB+, 모두 충분 1.5GB+, 골드 4.0GB+,스쿨 4GB+,통화 충분 6.5GB, 안심 골드 4GB+, 모두 충분 4.5GB+, 모두 충분 10GB+,통화 충분 15GB,5G 통화 충분 20GB,5G 통화 충분 30GB) - 대상 요금제 가입 후 3개월 단위로(M+3,6,9,12개월 차 말) 총 4회 데이터쿠폰 20G이 지급됩니다. 데이터 쿠폰은 발급 월 포함 익월까지 마이페이지에서 쿠폰 등록 후 등록월 +3개월 말일까지 사용 가능하고 양도/공유 및 등록/해지 후 복구가 불가합니다.",https://www.skylife.co.kr/event/mobilepromotion.do,10월의 모바일 요금제는 나에게 맞추어 골라서 추천해요!2026.09.30 ~ 2026.10.,0,NO_BENEFIT,ETC,0,
2026-10-11 07:02:14,스카이라이프,"☆데이터쉐어링 - 가능 요금제 : 모두 충분 7GB+밀리의서재, 모두 충분 7GB+(지니뮤직), 스쿨 7GB+밀리의서재, 모두 충분 7GB+(Pay_5000),모두 충분 7GB+(Pay_3000), 모두 충분 7GB+(후후안심), 모두 충분 10GB+밀리의서재, 모두 충분 15GB+밀리의서재, 데이터 충분 15GB+/100분, 데이터 충분 15GB+/300분, 데이터 충분 15GB+/100분(CU), 모두 충분 15GB+(후후안심), 모두 충분 11.0GB+밀리의서재, 모두 충분 11GB+(Pay_5000),모두 충분 11GB+(기프티쇼), 모두 충분 11GB+(왓챠), 모두 충분 11.0GB+(지니뮤직), 모두 충분 11GB+(배달의 민족), 모두 충분 11GB+(요기요), 모두 충분 11GB+(후후안심), 모두 충분 11GB+(웨이브), 모두 충분 11GB+(CU), 모두 충분 11GB+(후후안심), 모두 충분 100GB+ 밀리의서재, 모두 충분 일5GB+, 모두 충분 일5GB+(왓챠), 모두 충분 100GB+웨이브, 모두 충분 100GB+(Pay_5000), 모두 충분 100GB+(CU), 데이터 충분 15GB+/300분(CU), 모두 충분 10GB+(CU), 모두 충분 15GB+(CU), 모두 충분 7GB+(올리브영_5000), 모두 충분 10GB+(올리브영_5000), 모두 충분 15GB+(올리브영_5000), 모두 충분 7GB+(다이소_5000), 모두 충분 10GB+(다이소_5000), 모두 충분 15GB+(다이소_5000),모두 충분 11GB+(올리브영_5000),모두 충분 11GB+(다이소_5000),모두 충분 100GB+(모아진),모두 충분 100GB+(모아진),모두 충분 100GB+(다이소_5000),모두 충분 7GB+(모아진), 모두 충분 10GB+(모아진), 모두 충분 15GB+(모아진), 모두 충분 10GB+(Pay_5000), 모두 충분 15GB+(Pay_5000), 데이터 충분 15GB+/100분(Pay_5000), 데이터 충분 15GB+/100분(웨이브) * 데이터쉐어링은 추가 1대만 가입 및 이용 가능 (예, 모회선 1대, 자회선 1대_데이터쉐어링) 데이터 소진 순서 : 쿠폰 데이터>충전 등 부가 데이터>기본 데이터>일 데이터 >QoS 데이터",https://www.skylife.co.kr/event/mobilepromotion.do,10월의 모바일 요금제는 나에게 맞추어 골라서 추천해요!2026.09.30 ~ 2026.10.,0,NO_BENEFIT,ETC,0,
2026-10-11 07:02:14,스카이라이프,"7. 결합 시 첫 데이터는 개통 즉시 제공되며, 이후에는 매월 1일에 데이터가 제공됩니다.",https://www.skylife.co.kr/event/mobilepromotion.do,10월의 모바일 요금제는 나에게 맞추어 골라서 추천해요!2026.09.30 ~ 2026.10.,0,NO_BENEFIT,ETC,0,
2026-10-11 07:02:14,스카이라이프,"11. 데이터 결합의 약정기간, 해지 시 위약금은 없습니다.",https://www.skylife.co.kr/event/mobilepromotion.do,10월의 모바일 요금제는 나에게 맞추어 골라서 추천해요!2026.09.30 ~ 2026.10.,0,NO_BENEFIT,ETC,0,
2026-10-11 07:02:14,스카이라이프,"12. 일반 해지 / 명의 변경은 데이터 결합 해지 후 가능하며(1588-3002), 번호이동해지 / 요금제 변경(대상 요금제 외 요금제로 변경 시, 데이터 미제공) / 번호 변경은 데이터 결합 여부와 무관하게 가능합니다.",https://www.skylife.co.kr/event/mobilepromotion.do,10월의 모바일 요금제는 나에게 맞추어 골라서 추천해요!2026.09.30 ~ 2026.10.,0,NO_BENEFIT,ETC,0,
2026-10-11 07:02:14,스카이라이프,"누구나결합/누구나SOLO결합 데이터 추가제공 대상 요금제 | [가입 혜택] * 사은품 제공일: 모바일 개통 월 기준 익월 말 발송 - ☆ 바로배송(퀵), KT바로유심(이마트24,CU,GS25,세븐일레븐) 개통 시 3대마트상품권 또는 네이버페이포인트(선택) 2만원 제공 - eSIM, 택배 유심, 온라인마켓(쿠팡,네이버 등) 유심 고객 가입혜택 미제공 - 대상 요금제 : 전 요금제(월 5천원 미만 요금제, 스마트데이터 2종,웨어러블 Watch 제외). [정기 혜택] * 사은품 제공일 : 익월 말부터 6개월간 지급",https://www.skylife.co.kr/event/mobilepromotion.do,10월의 모바일 요금제는 나에게 맞추어 골라서 추천해요!2026.09.30 ~ 2026.10.,0,NO_BENEFIT,ETC,0,
2026-10-11 07:02:14,스카이라이프,"*할인권은 최대 1,000원 한도내 할인 제공하며, 발행일로부터 7일내 사용가능 * 일부 제품은 할인에서 제외 *자세한 이용방법과 할인 적용 방법은 요금제 안내 페이지를 참고해주세요. | [데이터 프로모션]",https://www.skylife.co.kr/event/mobilepromotion.do,10월의 모바일 요금제는 나에게 맞추어 골라서 추천해요!2026.09.30 ~ 2026.10.,0,NO_BENEFIT,ETC,0,
2026-10-11 07:02:14,스카이라이프,"☆데이터쉐어링 - 가능 요금제 : 모두 충분 7GB+밀리의서재, 모두 충분 7GB+(지니뮤직), 스쿨 7GB+밀리의서재, 모두 충분 7GB+(Pay_5000),모두 충분 7GB+(Pay_3000), 모두 충분 7GB+(후후안심), 모두 충분 10GB+밀리의서재, 모두 충분 15GB+밀리의서재, 데이터 충분 15GB+/100분, 데이터 충분 15GB+/300분, 데이터 충분 15GB+/100분(CU), 모두 충분 15GB+(후후안심), 모두 충분 11.0GB+밀리의서재, 모두 충분 11GB+(Pay_5000),모두 충분 11GB+(기프티쇼), 모두 충분 11GB+(왓챠), 모두 충분 11.0GB+(지니뮤직), 모두 충분 11GB+(배달의 민족), 모두 충분 11GB+(요기요), 모두 충분 11GB+(후후안심), 모두 충분 11GB+(웨이브), 모두 충분 11GB+(CU), 모두 충분 11GB+(후후안심), 모두 충분 100GB+ 밀리의서재, 모두 충분 일5GB+, 모두 충분 일5GB+(왓챠), 모두 충분 100GB+웨이브, 모두 충분 100GB+(Pay_5000), 모두 충분 100GB+(CU), 데이터 충분 15GB+/300분(CU), 모두 충분 10GB+(CU), 모두 충분 15GB+(CU), 모두 충분 7GB+(올리브영_5000), 모두 충분 10GB+(올리브영_5000), 모두 충분 15GB+(올리브영_5000), 모두 충분 7GB+(다이소_5000), 모두 충분 10GB+(다이소_5000), 모두 충분 15GB+(다이소_5000),모두 충분 11GB+(올리브영_5000),모두 충분 11GB+(다이소_5000),모두 충분 100GB+(모아진),모두 충분 100GB+(모아진),모두 충분 100GB+(다이소_5000),모두 충분 7GB+(모아진), 모두 충분 10GB+(모아진), 모두 충분 15GB+(모아진), 모두 충분 10GB+(Pay_5000), 모두 충분 15GB+(Pay_5000), 데이터 충분 15GB+/100분(Pay_5000), 데이터 충분 15GB+/100분(웨이브) * 데이터쉐어링은 추가 1대만 가입 및 이용 가능 (예, 모회선 1대, 자회선 1대_데이터쉐어링) 데이터 소진 순서 : 쿠폰 데이터>충전 등 부가 데이터>기본 데이터>일 데이터 >QoS 데이터 | ☆누구나결합 데이터(5GB/10GB/20GB) 혜택 * 결합 즉시 제공",https://www.skylife.co.kr/event/mobilepromotion.do,10월의 모바일 요금제는 나에게 맞추어 골라서 추천해요!2026.09.30 ~ 2026.10.,0,NO_BENEFIT,ETC,0,
2026-10-11 07:02:14,스카이라이프,"12. 일반 해지 / 명의 변경은 데이터 결합 해지 후 가능하며(1588-3002), 번호이동해지 / 요금제 변경(대상 요금제 외 요금제로 변경 시, 데이터 미제공) / 번호 변경은 데이터 결합 여부와 무관하게 가능합니다. | ☆누구나 SOLO 결합 데이터(5GB/10GB/20GB) 혜택 * 결합 즉시 제공",https://www.skylife.co.kr/event/mobilepromotion.do,10월의 모바일 요금제는 나에게 맞추어 골라서 추천해요!2026.09.30 ~ 2026.10.,0,NO_BENEFIT,ETC,0,
2026-10-11 07:02:14,스카이라이프,모바일 회선이 정지된 상태에서는 결합을 신청할 수 없어요. | ※홈페이지에서 KT바로유심(편의점) 신규가입 셀프개통이 제한될 수 있습니다. 개통이 제한되는 경우 상담사(1588-8665)로 전화주시면 신속히 도와드리겠습니다.,https://www.skylife.co.kr/event/mobilepromotion.do,10월의 모바일 요금제는 나에게 맞추어 골라서 추천해요!2026.09.30 ~ 2026.10.,0,NO_BENEFIT,ETC,0,
2026-10-11 07:02:14,스카이라이프,"-20GB 제공 요금제:모두 충분 11.0GB+(기프티쇼), 모두 충분 11.0GB+(지니뮤직), 모두 충분 11GB+(CU), 모두 충분 11GB+(Pay_5000), 모두 충분 11GB+(다이소_5000), 모두 충분 11GB+(멜론뮤직), 모두 충분 11GB+(모아진), 모두 충분 11GB+(밀리의서재), 모두 충분 11GB+(배달의 민족), 모두 충분 11GB+(올리브영_5000), 모두 충분 11GB+(왓챠), 모두 충분 11GB+(요기요), 모두 충분 11GB+(웨이브), 모두 충분 11GB+(후후안심), 모두 충분 100GB+(CU), 모두 충분 100GB+(Pay_5000), 모두 충분 100GB+(다이소_5000), 모두 충분 100GB+(모아진), 모두 충분 100GB+(밀리의서재), 모두 충분 100GB+(올리브영_5000), 모두 충분 100GB+(웨이브), 모두 충분 100GB+(지니뮤직), 모두 충분 일5GB+(왓챠), 5G 모두 충분 110GB+, 5G 모두 충분 110GB+(밀리의 서재), 5G 모두 충분 200GB+, 5G 모두 충분 200GB+(밀리의 서재) | -5G 제공 요금제 : 모두 충분 7GB+(Pay_3000), 모두 충분 7GB+(Pay_5000), 모두 충분 7GB+(다이소_5000), 모두 충분 7GB+(모아진), 모두 충분 7GB+(밀리의서재), 모두 충분 7GB+(올리브영_5000), 모두 충분 7GB+(지니뮤직), 모두 충분 7GB+(후후안심), 스쿨 7GB+(밀리의서재), 모두 충분 7GB+(CU)",https://www.skylife.co.kr/event/mobilepromotion.do,10월의 모바일 요금제는 나에게 맞추어 골라서 추천해요!2026.09.30 ~ 2026.10.,0,NO_BENEFIT,ETC,0,
2026-10-11 07:02:14,스카이라이프,"-20GB 제공 요금제:모두 충분 11.0GB+(기프티쇼), 모두 충분 11.0GB+(지니뮤직), 모두 충분 11GB+(CU), 모두 충분 11GB+(Pay_5000), 모두 충분 11GB+(다이소_5000), 모두 충분 11GB+(멜론뮤직), 모두 충분 11GB+(모아진), 모두 충분 11GB+(밀리의서재), 모두 충분 11GB+(배달의 민족), 모두 충분 11GB+(올리브영_5000), 모두 충분 11GB+(왓챠), 모두 충분 11GB+(요기요), 모두 충분 11GB+(웨이브), 모두 충분 11GB+(후후안심), 모두 충분 100GB+(CU), 모두 충분 100GB+(Pay_5000), 모두 충분 100GB+(다이소_5000), 모두 충분 100GB+(모아진), 모두 충분 100GB+(밀리의서재), 모두 충분 100GB+(올리브영_5000), 모두 충분 100GB+(웨이브), 모두 충분 100GB+(지니뮤직), 모두 충분 일5GB+(왓챠), 5G 모두 충분 110GB+, 5G 모두 충분 110GB+(밀리의 서재), 5G 모두 충분 200GB+, 5G 모두 충분 200GB+(밀리의 서재)",https://www.skylife.co.kr/event/mobilepromotion.do,10월의 모바일 요금제는 나에게 맞추어 골라서 추천해요!2026.09.30 ~ 2026.10.,0,NO_BENEFIT,ETC,0,
2026-10-11 07:02:14,스카이라이프,"Sky GiGA WiFi 임대료 월 1,100원은 별도 부과됩니다. 단, 인터넷 200M 이상 상품 이용 시 면제됩니다. (sky 기가 200M 안심, sky 기가 500M 안심, sky 기가 1G 안심, sky 기가 200M, sky 기가 500M, sky 기가 1G)",https://www.skylife.co.kr/event/family.do,인터넷 + IPTV에 알뜰폰도 결합! 통신비 반값 할인2026.09.30 ~ 2026.10.,0,NO_BENEFIT,ETC,0,
2026-10-11 07:02:14,스카이라이프,가입 상품을 약정 기간 내 해지 시 할인반환금이 발생합니다.,https://www.skylife.co.kr/event/family.do,인터넷 + IPTV에 알뜰폰도 결합! 통신비 반값 할인2026.09.30 ~ 2026.10.,0,NO_BENEFIT,ETC,0,
2026-10-11 07:02:14,스카이라이프,"약정기간 내 해지한 경우, 사용기간에 따라 서비스 이용료와 장비(모뎀) 임대료에 대한 할인반환금이 부과됩니다.",https://www.skylife.co.kr/event/family.do,인터넷 + IPTV에 알뜰폰도 결합! 통신비 반값 할인2026.09.30 ~ 2026.10.,0,NO_BENEFIT,ETC,0,
2026-10-11 07:02:14,스카이라이프,"설치비는 별도이며, 최초 설치 1회만 부과됩니다. - 인터넷+IPTV 결합 상품 : 평일/주말 및 공휴일 : 48,500원 - 인터넷 단독 상품 : 평일 : 36,000원 / 주말 및 공휴일 : 45,000원 인터넷을 이전하는 경우, 이전비(평일 - 댁외 36,000원/댁내 20,000원, 주말/공휴일 - 댁외 45,000원/댁내29,000원)가 청구됩니다.",https://www.skylife.co.kr/event/family.do,인터넷 + IPTV에 알뜰폰도 결합! 통신비 반값 할인2026.09.30 ~ 2026.10.,0,NO_BENEFIT,ETC,0,
2026-10-11 07:02:14,스카이라이프,"OTT 가입 시 제공되는 할인 금액(월 2,200원)은 TV 요금에서 할인되어 청구됩니다.",https://www.skylife.co.kr/event/family.do,인터넷 + IPTV에 알뜰폰도 결합! 통신비 반값 할인2026.09.30 ~ 2026.10.,0,NO_BENEFIT,ETC,0,
2026-10-11 07:02:14,스카이라이프,"IPTV 상품 가입 시, 셋톱박스 임대료는 별도 부과됩니다(월 3,300원)",https://www.skylife.co.kr/event/family.do,인터넷 + IPTV에 알뜰폰도 결합! 통신비 반값 할인2026.09.30 ~ 2026.10.,0,NO_BENEFIT,ETC,0,
2026-10-11 07:02:14,스카이라이프,"☆S-머니 2만원 - 대상 요금제 : 시니어 골드 요금제 개통한 고객 대상(골드 500MB+, 골드 2GB+, 안심골드 2GB+, 안심골드 4GB+, 골드 4.0GB+, 골드 8.0GB+) - 모요, 카카오페이 채널에서 개통 시 혜택 대상에서 제외됩니다. [인터넷/IPTV 셀프가입 혜택 안내]",https://www.skylife.co.kr/event/family.do,인터넷 + IPTV에 알뜰폰도 결합! 통신비 반값 할인2026.09.30 ~ 2026.10.,0,NO_BENEFIT,ETC,0,
2026-10-11 07:02:14,스카이라이프,가입하신 상품에 따라 제공되는 Npay 제공 금액이 다릅니다. - 인터넷+IPTV(초이스) 결합 상품 : Npay 3만원 - 인터넷+IPTV(베이직/플러스) 결합 상품 : Npay 2만원 - 인터넷 단독 / TV 단독 상품 : Npay 1만원 Npay는 가입하신 핸드폰 번호로 개통한 날 기준 다음달 3번째 주에 발송됩니다.,https://www.skylife.co.kr/event/family.do,인터넷 + IPTV에 알뜰폰도 결합! 통신비 반값 할인2026.09.30 ~ 2026.10.,0,NO_BENEFIT,ETC,0,
2026-10-11 07:02:14,스카이라이프,사은품은 가입 당시 작성한 주소로 개통 완료 후 2주 이내에 배송 예정이나 재고 상황 또는 연휴기간 일부 배송이 지연될 수 있습니다.,https://www.skylife.co.kr/event/family.do,인터넷 + IPTV에 알뜰폰도 결합! 통신비 반값 할인2026.09.30 ~ 2026.10.,0,NO_BENEFIT,ETC,0,
2026-10-11 07:02:14,스카이라이프,"1. TV 사은품은 제조사에 따라 설치비가 부과될 수 있습니다. - 삼성/LG : 벽걸이/스탠드 무료 - 인켈 : 스탠드 무료(벽걸이 설치비 별도) [지니뮤직 30% 할인권 혜택] * 사은품 제공일 : 익월 말 카카오 알림톡 발송 / 선착순 1,000명 - 대상 요금제 : 전 요금제(월 5천원 미만 요금제, 스마트데이터 2종,웨어러블 Watch 제외) - 스마트음악감상(30일) 정기 결제 상품 12개월 30%할인가 5,180원 제공(vat별도, 정상가 7,400원) [밀리의서재 구독권 평생 무료 혜택] * 개통 후 인증 시 즉시 지급 * 요금제 해지 시까지 매월 평생 무료 제공",https://www.skylife.co.kr/event/family.do,인터넷 + IPTV에 알뜰폰도 결합! 통신비 반값 할인2026.09.30 ~ 2026.10.,0,NO_BENEFIT,ETC,0,
2026-10-11 07:02:14,스카이라이프,"☆S-머니 2만원 - 대상 요금제 : 1만원 이상 요금제를 홈페이지 셀프개통 한 고객 대상 - 상담사를 통한 개통 시 지급 대상에서 제외됩니다. [지니뮤직 30% 할인권 혜택] * 사은품 제공일 : 익월 말 카카오 알림톡 발송 / 선착순 1,000명 - 대상 요금제 : 전 요금제(월 5천원 미만 요금제, 스마트데이터 2종,웨어러블 Watch 제외) - 스마트음악감상(30일) 정기 결제 상품 12개월 30%할인가 5,180원 제공(vat별도, 정상가 7,400원) [밀리의서재 구독권 평생 무료 혜택] * 개통 후 인증 시 즉시 지급 * 요금제 해지 시까지 매월 평생 무료 제공",https://www.skylife.co.kr/event/self5m.do,누구나 쉽게하는 5분 셀프개통2026.05.31 ~ 2026.12.,0,NO_BENEFIT,ETC,0,
2026-10-11 07:02:14,스카이라이프,"데이터 제공 대상 요금제 매월 10GB 24개월간 제공 (요금제 가입시 매월 자동 지급) - 대상 요금제: 모두 충분 7GB+(밀리의서재), 스쿨 7GB+(밀리의 서재), 모두 충분 7GB+(후후안심), 모두 충분 7GB+(Pay_3000), SOS 모두 충분 7GB+ 모두 충분 7GB+(Pay_5000), 모두 충분 7GB+(올리브영_5000), 모두 충분 7GB+(다이소_5000), 모두 충분 7GB+(모아진), 모두 충분 10GB+(밀리의서재), 모두 충분 10GB+(모아진) 모두 충분 10GB+(Pay_5000), 모두 충분 7GB+(지니뮤직), 모두 충분 10GB+(CU), 모두 충분 10GB+(올리브영_5000), 모두 충분 10GB+(다이소_5000), 모두 충분 15GB+(밀리의서재), 모두 충분 15GB+(후후안심), 모두 충분 15GB+(CU), 모두 충분 15GB+(Pay_5000), 모두 충분 15GB+(올리브영_5000), 모두 충분 15GB+(다이소_5000), 모두 충분 15GB+(모아진) 누구나결합 요금제별 데이터 제공량과 동일",https://www.skylife.co.kr/event/self5m.do,누구나 쉽게하는 5분 셀프개통2026.05.31 ~ 2026.12.,0,NO_BENEFIT,ETC,0,
2026-10-11 07:02:14,스카이라이프,"☆데이터쿠폰 20GB X 4회 증정 프로모션 - 대상 : 1만원 이상 요금제 (제외 요금제: 슬림 1.5GB/150분,골드 500MB+,통화 충분 1.5GB,슬림 3GB/300분,골드 2GB+,통화 충분 2.5GB,안심 골드 2GB+,통화 충분 4.5GB ,스쿨 2GB+, 모두 충분 1.5GB+, 골드 4.0GB+,스쿨 4GB+,통화 충분 6.5GB,SOS 스쿨 2GB+,안심 골드 4GB+,SOS 안심 골드 2GB+,SOS 스쿨 4GB+,모두 충분 4.5GB+,SOS 안심 골드 4GB+,모두 충분 10GB+,통화 충분 15GB,5G 통화 충분 20GB,5G 통화 충분 30GB) - 대상 요금제 가입 후 3개월 단위로(M+3,6,9,12개월 차 말) 총 4회 데이터쿠폰 20G이 지급됩니다. 데이터 쿠폰은 발급 월 포함 익월까지 마이페이지에서 쿠폰 등록 후 등록월 +3개월 말일까지 사용 가능하고 양도/공유 및 등록/해지 후 복구가 불가합니다.",https://www.skylife.co.kr/event/self5m.do,누구나 쉽게하는 5분 셀프개통2026.05.31 ~ 2026.12.,0,NO_BENEFIT,ETC,0,
2026-10-11 07:02:14,스카이라이프,"☆데이터쉐어링 - 가능 요금제 : 모두 충분 7GB+밀리의서재, 모두 충분 7GB+(지니뮤직), 스쿨 7GB+밀리의서재, 모두 충분 7GB+(Pay_5000),모두 충분 7GB+(Pay_3000), 모두 충분 7GB+(후후안심), 모두 충분 10GB+밀리의서재, 모두 충분 15GB+밀리의서재, 데이터 충분 15GB+/100분, 데이터 충분 15GB+/300분, 데이터 충분 15GB+/100분(CU), 모두 충분 15GB+(후후안심), 모두 충분 11.0GB+밀리의서재, 모두 충분 11GB+(Pay_5000),모두 충분 11GB+(기프티쇼), 모두 충분 11GB+(왓챠), 모두 충분 11.0GB+(지니뮤직), 모두 충분 11GB+(배달의 민족), 모두 충분 11GB+(요기요), 모두 충분 11GB+(후후안심), 모두 충분 11GB+(웨이브), 모두 충분 11GB+(CU), 모두 충분 11GB+(후후안심), 모두 충분 100GB+ 밀리의서재, 모두 충분 일5GB+, 모두 충분 일5GB+(왓챠), 모두 충분 100GB+웨이브, 모두 충분 100GB+(Pay_5000), 모두 충분 100GB+(CU), SOS 모두 충분 7GB+, SOS 모두 충분 11GB+, 데이터 충분 15GB+/300분(CU), 모두 충분 10GB+(CU), 모두 충분 15GB+(CU), 모두 충분 7GB+(올리브영_5000), 모두 충분 10GB+(올리브영_5000), 모두 충분 15GB+(올리브영_5000), 모두 충분 7GB+(다이소_5000), 모두 충분 10GB+(다이소_5000), 모두 충분 15GB+(다이소_5000),모두 충분 11GB+(올리브영_5000),모두 충분 11GB+(다이소_5000),모두 충분 100GB+(모아진),모두 충분 100GB+(모아진),모두 충분 100GB+(다이소_5000),모두 충분 7GB+(모아진), 모두 충분 10GB+(모아진), 모두 충분 15GB+(모아진), 모두 충분 10GB+(Pay_5000), 모두 충분 15GB+(Pay_5000), 데이터 충분 15GB+/100분(Pay_5000), 데이터 충분 15GB+/100분(웨이브) * 데이터쉐어링은 추가 1대만 가입 및 이용 가능 (예, 모회선 1대, 자회선 1대_데이터쉐어링) 데이터 소진 순서 : 쿠폰 데이터>충전 등 부가 데이터>기본 데이터>일 데이터 >QoS 데이터",https://www.skylife.co.kr/event/self5m.do,누구나 쉽게하는 5분 셀프개통2026.05.31 ~ 2026.12.,0,NO_BENEFIT,ETC,0,
2026-10-11 07:02:14,스카이라이프,"*ex. A가 B를 추천하고 A가 C를 추천하는 경우 A에게 데이터가 중복으로 지급되지 않습니다. 7. 결합 시 첫 데이터는 개통 즉시 제공되며, 이후에는 매월 1일에 데이터가 제공됩니다.",https://www.skylife.co.kr/event/self5m.do,누구나 쉽게하는 5분 셀프개통2026.05.31 ~ 2026.12.,0,NO_BENEFIT,ETC,0,
2026-10-11 07:02:14,스카이라이프,"-20GB 제공 요금제:모두 충분 11.0GB+(기프티쇼), 모두 충분 11.0GB+(지니뮤직), 모두 충분 11GB+(CU), 모두 충분 11GB+(Pay_5000), 모두 충분 11GB+(다이소_5000), 모두 충분 11GB+(멜론뮤직), 모두 충분 11GB+(모아진), 모두 충분 11GB+(밀리의서재), 모두 충분 11GB+(배달의 민족), 모두 충분 11GB+(올리브영_5000), 모두 충분 11GB+(왓챠), 모두 충분 11GB+(요기요), 모두 충분 11GB+(웨이브), 모두 충분 11GB+(후후안심), 모두 충분 100GB+(CU), 모두 충분 100GB+(Pay_5000), 모두 충분 100GB+(다이소_5000), 모두 충분 100GB+(모아진), 모두 충분 100GB+(밀리의서재), 모두 충분 100GB+(올리브영_5000), 모두 충분 100GB+(웨이브), 모두 충분 100GB+(지니뮤직), 모두 충분 일5GB+(왓챠), 5G 모두 충분 110GB+, 5G 모두 충분 110GB+(밀리의 서재), 5G 모두 충분 200GB+, 5G 모두 충분 200GB+(밀리의 서재) | [가입 혜택] * 사은품 제공일: 모바일 개통 월 기준 익월 말 발송 - ☆ 바로배송(퀵), KT바로유심(이마트24,CU,GS25,세븐일레븐) 개통 시 3대마트상품권 또는 네이버페이포인트(선택) 2만원 제공 - eSIM, 택배 유심, 온라인마켓(쿠팡,네이버 등) 유심 고객 가입혜택 미제공 - 대상 요금제 : 전 요금제(월 5천원 미만 요금제, 스마트데이터 2종,웨어러블 Watch 제외). [정기 혜택] * 사은품 제공일 : 익월 말부터 6개월간 지급",https://www.skylife.co.kr/event/self5m.do,누구나 쉽게하는 5분 셀프개통2026.05.31 ~ 2026.12.,0,NO_BENEFIT,ETC,0,
2026-10-11 07:02:14,스카이라이프,"☆데이터쉐어링 - 가능 요금제 : 모두 충분 7GB+밀리의서재, 모두 충분 7GB+(지니뮤직), 스쿨 7GB+밀리의서재, 모두 충분 7GB+(Pay_5000),모두 충분 7GB+(Pay_3000), 모두 충분 7GB+(후후안심), 모두 충분 10GB+밀리의서재, 모두 충분 15GB+밀리의서재, 데이터 충분 15GB+/100분, 데이터 충분 15GB+/300분, 데이터 충분 15GB+/100분(CU), 모두 충분 15GB+(후후안심), 모두 충분 11.0GB+밀리의서재, 모두 충분 11GB+(Pay_5000),모두 충분 11GB+(기프티쇼), 모두 충분 11GB+(왓챠), 모두 충분 11.0GB+(지니뮤직), 모두 충분 11GB+(배달의 민족), 모두 충분 11GB+(요기요), 모두 충분 11GB+(후후안심), 모두 충분 11GB+(웨이브), 모두 충분 11GB+(CU), 모두 충분 11GB+(후후안심), 모두 충분 100GB+ 밀리의서재, 모두 충분 일5GB+, 모두 충분 일5GB+(왓챠), 모두 충분 100GB+웨이브, 모두 충분 100GB+(Pay_5000), 모두 충분 100GB+(CU), SOS 모두 충분 7GB+, SOS 모두 충분 11GB+, 데이터 충분 15GB+/300분(CU), 모두 충분 10GB+(CU), 모두 충분 15GB+(CU), 모두 충분 7GB+(올리브영_5000), 모두 충분 10GB+(올리브영_5000), 모두 충분 15GB+(올리브영_5000), 모두 충분 7GB+(다이소_5000), 모두 충분 10GB+(다이소_5000), 모두 충분 15GB+(다이소_5000),모두 충분 11GB+(올리브영_5000),모두 충분 11GB+(다이소_5000),모두 충분 100GB+(모아진),모두 충분 100GB+(모아진),모두 충분 100GB+(다이소_5000),모두 충분 7GB+(모아진), 모두 충분 10GB+(모아진), 모두 충분 15GB+(모아진), 모두 충분 10GB+(Pay_5000), 모두 충분 15GB+(Pay_5000), 데이터 충분 15GB+/100분(Pay_5000), 데이터 충분 15GB+/100분(웨이브) * 데이터쉐어링은 추가 1대만 가입 및 이용 가능 (예, 모회선 1대, 자회선 1대_데이터쉐어링) 데이터 소진 순서 : 쿠폰 데이터>충전 등 부가 데이터>기본 데이터>일 데이터 >QoS 데이터 | ☆누구나결합 데이터(5GB/10GB/20GB) 혜택 * 결합 즉시 제공",https://www.skylife.co.kr/event/self5m.do,누구나 쉽게하는 5분 셀프개통2026.05.31 ~ 2026.12.,0,NO_BENEFIT,ETC,0,
2026-10-11 07:02:14,헬로모바일,"결합 대상 상품 - 헬로tv UHD 뉴프리미엄(251채널+TV코인 5천, 월 15,400원 상품) 또는 UHD 뉴베이직(251채널, 월 13,200원 상품)을 3년 또는 4년 약정으로 이용하면서",https://direct.lghellovision.net/event/viewEventDetailGuest.do?idxOfEvent=5551&page=1&pgNum=0501&pgNum=0501&utm_campaign=Floating_Banner&utm_medium=TargetCusomters_Floating&utm_source=TPSHiddenBanner&utm_term=Mobile_hiddenpage_PC,"인터넷 모바일 결합할인 혜택
종료",0,NO_BENEFIT,ETC,0,
2026-10-11 07:02:14,헬로모바일,"헬로모바일 기본료 11,000원 이상 요금제를 이용하는 경우에 한해 결합 할인 적용됩니다. - 헬로모바일은 LG U+망, KT망 가입 고객에 한해서 가입 가능합니다. - 결합 구성 서비스 중 일부 서비스 요금제 변경 또는 해지로 인한 결합 대상 상품 구성 미충족 시, 해당 할인은 미적용 되며, 개별 서비스 이용 요금은 정상 요금으로 원복됩니다. (예를 들어, 헬로모바일 요금제를 기본료 11,000원 미만으로 변경하거나,",https://direct.lghellovision.net/event/viewEventDetailGuest.do?idxOfEvent=5551&page=1&pgNum=0501&pgNum=0501&utm_campaign=Floating_Banner&utm_medium=TargetCusomters_Floating&utm_source=TPSHiddenBanner&utm_term=Mobile_hiddenpage_PC,"인터넷 모바일 결합할인 혜택
종료",0,NO_BENEFIT,ETC,0,
2026-10-11 07:02:14,헬로모바일,"할인적용 - 결합 할인은 가입하신 헬로 TV상품의 월 요금에서 매월 2,200원씩 할인 적용됩니다. - 결합 완료일부터 헬로tv 유무선 결합 할인이 일할 적용됩니다. - 월 중간에 결합하는 경우 사용일수만큼 계산하여 할인이 적용됩니다. 서비스 일시정지 기간은 사용일수에 포함하지 않습니다. - 월 중간에 ‘헬로tv’ 또는 ‘헬로모바일’을 해지하거나 일시정지할 경우, 결합 할인 금액은 일할 계산하여 적용합니다. - 유무선 결합을 해지하거나, 결합 대상 상품 중 일부를 정지 또는 해지(헬로모바일 이동통신 망 변경 포함)하는 경우, 헬로tv 또는 헬로모바일 명의변경을 하는 경우 결합이 해지되며 할인이 중단됩니다. - 헬로tv 명의자 기준으로 다른 헬로모바일 결합할인과 중복으로 이용할 수 없습니다. 단, SKT/KT/LGU+휴대폰 결합 할인(온가족케이블플랜(SKT), 케이블 총액 결합할인(KT) , 참 쉬운 케이블 가족 결합(LG U+))과는 중복 이용 가능합니다. - 헬로tv 복지할인과 중복 적용 불가합니다. - 헬로tv 할인은 수신료 기준이며, 수신료가 결합 할인액 보다 적을 경우 할인을 적용하지 않습니다. - 증빙서류가 정상 수신이 안되거나, 부적절한 경우 가입 불가합니다. 헬로모바일 가입 혜택",https://direct.lghellovision.net/event/viewEventDetailGuest.do?idxOfEvent=5551&page=1&pgNum=0501&pgNum=0501&utm_campaign=Floating_Banner&utm_medium=TargetCusomters_Floating&utm_source=TPSHiddenBanner&utm_term=Mobile_hiddenpage_PC,"인터넷 모바일 결합할인 혜택
종료",0,NO_BENEFIT,ETC,0,
2026-10-11 07:02:14,헬로모바일,유심 요금제 가입 시 100% 전원 증정 가입사은품 최대 3만원이 증정됩니다.,https://direct.lghellovision.net/event/viewEventDetailGuest.do?idxOfEvent=5551&page=1&pgNum=0501&pgNum=0501&utm_campaign=Floating_Banner&utm_medium=TargetCusomters_Floating&utm_source=TPSHiddenBanner&utm_term=Mobile_hiddenpage_PC,"인터넷 모바일 결합할인 혜택
종료",0,NO_BENEFIT,ETC,0,
2026-10-11 07:02:14,헬로모바일,1. 사은품 : ① 신세계 상품권 3만원/2만원 또는 ② CU 상품권 3만원/2만원 중 택1 선택,https://direct.lghellovision.net/event/viewEventDetailGuest.do?idxOfEvent=5551&page=1&pgNum=0501&pgNum=0501&utm_campaign=Floating_Banner&utm_medium=TargetCusomters_Floating&utm_source=TPSHiddenBanner&utm_term=Mobile_hiddenpage_PC,"인터넷 모바일 결합할인 혜택
종료",0,NO_BENEFIT,ETC,0,
2026-10-11 07:02:14,헬로모바일,"2. 대상자 * 3만원 증정 : 15,900원 이상 요금제로 이벤트 기간 내 접수 및 25/6/5 까지 개통한 고객님 * 2만원 증정 : 5,000원 이상 15,900원 미만 요금제로 이벤트 기간 내 접수 및 25/6/5 까지 개통한 고객님",https://direct.lghellovision.net/event/viewEventDetailGuest.do?idxOfEvent=5551&page=1&pgNum=0501&pgNum=0501&utm_campaign=Floating_Banner&utm_medium=TargetCusomters_Floating&utm_source=TPSHiddenBanner&utm_term=Mobile_hiddenpage_PC,"인터넷 모바일 결합할인 혜택
종료",0,NO_BENEFIT,ETC,0,
2026-10-11 07:02:14,헬로모바일,"3. 사은품 선택 문자 발송 : 개통일 기준 D+15,16,17일에 LMS가 발송됩니다.(D+24자정까지 LMS 내 링크가 유효하며, 이후에는 선택이 불가합니다.)",https://direct.lghellovision.net/event/viewEventDetailGuest.do?idxOfEvent=5551&page=1&pgNum=0501&pgNum=0501&utm_campaign=Floating_Banner&utm_medium=TargetCusomters_Floating&utm_source=TPSHiddenBanner&utm_term=Mobile_hiddenpage_PC,"인터넷 모바일 결합할인 혜택
종료",0,NO_BENEFIT,ETC,0,
2026-10-11 07:02:14,헬로모바일,4. 사은품 지급 : 25년 8월 3주차 이후 순차 발송됩니다.,https://direct.lghellovision.net/event/viewEventDetailGuest.do?idxOfEvent=5551&page=1&pgNum=0501&pgNum=0501&utm_campaign=Floating_Banner&utm_medium=TargetCusomters_Floating&utm_source=TPSHiddenBanner&utm_term=Mobile_hiddenpage_PC,"인터넷 모바일 결합할인 혜택
종료",0,NO_BENEFIT,ETC,0,
2026-10-11 07:02:14,헬로모바일,[친구추천 가입 사은품] - 사은품 선택문자/지급일정은 당사 사정에 의해 변경될 수 있습니다. - 상세 유의사항은 친구추천 페이지에서 확인해주시기 바랍니다. https://direct.lghellovision.net/mgm/rcmndevnt.do?pgNum=1101,https://direct.lghellovision.net/event/viewEventDetailGuest.do?idxOfEvent=5551&page=1&pgNum=0501&pgNum=0501&utm_campaign=Floating_Banner&utm_medium=TargetCusomters_Floating&utm_source=TPSHiddenBanner&utm_term=Mobile_hiddenpage_PC,"인터넷 모바일 결합할인 혜택
종료",0,NO_BENEFIT,ETC,0,
2026-10-11 07:02:14,헬로모바일,가입 시 최대 36만원1.5만원 X 24개월) 네이버페이 혜택을 드립니다.,https://direct.lghellovision.net/event/viewEventDetail.do?idxOfEvent=8571,"갤럭시Z폴드8/Z플립8, 통신3사보다 월 37,000원 저렴! 24만원 혜택까지
진행중",0,NO_BENEFIT,ETC,0,
2026-10-11 07:02:14,헬로모바일,Npay(네이버페이) 36만원(매월 1.5만원씩 24개월간 지급됩니다.),https://direct.lghellovision.net/event/viewEventDetail.do?idxOfEvent=8571,"갤럭시Z폴드8/Z플립8, 통신3사보다 월 37,000원 저렴! 24만원 혜택까지
진행중",0,NO_BENEFIT,ETC,0,
2026-10-11 07:02:14,헬로모바일,Npay(네이버페이) 24만원(매월 1만원씩 24개월간 지급됩니다.),https://direct.lghellovision.net/event/viewEventDetail.do?idxOfEvent=8571,"갤럭시Z폴드8/Z플립8, 통신3사보다 월 37,000원 저렴! 24만원 혜택까지
진행중",0,NO_BENEFIT,ETC,0,
2026-10-11 07:02:14,헬로모바일,2. 이벤트 기간 및 대상자,https://direct.lghellovision.net/event/viewEventDetail.do?idxOfEvent=8571,"갤럭시Z폴드8/Z플립8, 통신3사보다 월 37,000원 저렴! 24만원 혜택까지
진행중",0,NO_BENEFIT,ETC,0,
2026-10-11 07:02:14,헬로모바일,: 9/1 ~ 9/30 내 아래 대상요금제로 개통한 고객,https://direct.lghellovision.net/event/viewEventDetail.do?idxOfEvent=8571,"갤럭시Z폴드8/Z플립8, 통신3사보다 월 37,000원 저렴! 24만원 혜택까지
진행중",0,NO_BENEFIT,ETC,0,
2026-10-11 07:02:14,헬로모바일,① 1회차 : 10월 23일,https://direct.lghellovision.net/event/viewEventDetail.do?idxOfEvent=8571,"갤럭시Z폴드8/Z플립8, 통신3사보다 월 37,000원 저렴! 24만원 혜택까지
진행중",0,NO_BENEFIT,ETC,0,
2026-10-11 07:02:14,헬로모바일,"② 2~24회차 : 매월 23일 - 해당 요금제는 Npay 혜택 전용 요금제로서 다이렉트몰 ´친구추천´ 이벤트와 ´프로모션 코드´ 이벤트, ´추석가입이벤트´ 등의 혜택과 중복 적용되지 않습니다. - 단, ´친구추천´ 이벤트의 경우 가입자가 피추천일 경우 추천인에게 추천사은품은 제공됩니다. - 사은품 제공 전 개통취소/해지/일시정지/명의변경/요금제변경/번호변경/유형 변경(개인 > 개인사업자 등) 시 사은품 대상에서 제외되며, 개통 후에도 요금제 회선이 유지되어야 합니다. - 타요금제 -> Npay 주는 혜택형 요금제 변경시에 Npay 혜택은 제공되지 않습니다. - 이벤트 기간 내 휴대폰 접수 및 개통완료한 고객님 - 혜택",https://direct.lghellovision.net/event/viewEventDetail.do?idxOfEvent=8571,"갤럭시Z폴드8/Z플립8, 통신3사보다 월 37,000원 저렴! 24만원 혜택까지
진행중",0,NO_BENEFIT,ETC,0,
2026-10-11 07:02:14,헬로모바일,"1) 5G 통화 맘편히 3GB : 월 9,000원 3개월간 할인",https://direct.lghellovision.net/event/viewEventDetail.do?idxOfEvent=8571,"갤럭시Z폴드8/Z플립8, 통신3사보다 월 37,000원 저렴! 24만원 혜택까지
진행중",0,NO_BENEFIT,ETC,0,
2026-10-11 07:02:14,헬로모바일,"2) 5G 통화 맘편히 6GB : 월 5,000원 3개월간 할인",https://direct.lghellovision.net/event/viewEventDetail.do?idxOfEvent=8571,"갤럭시Z폴드8/Z플립8, 통신3사보다 월 37,000원 저렴! 24만원 혜택까지
진행중",0,NO_BENEFIT,ETC,0,
2026-10-11 07:02:14,헬로모바일,"3) 5G 통화 맘편히 9GB : 월 5,000원 3개월간 할인",https://direct.lghellovision.net/event/viewEventDetail.do?idxOfEvent=8571,"갤럭시Z폴드8/Z플립8, 통신3사보다 월 37,000원 저렴! 24만원 혜택까지
진행중",0,NO_BENEFIT,ETC,0,
2026-10-11 07:02:14,헬로모바일,"4) 5G 15GB 200분 : 월 7,000원 3개월간 할인",https://direct.lghellovision.net/event/viewEventDetail.do?idxOfEvent=8571,"갤럭시Z폴드8/Z플립8, 통신3사보다 월 37,000원 저렴! 24만원 혜택까지
진행중",0,NO_BENEFIT,ETC,0,
2026-10-11 07:02:14,헬로모바일,"월 7,000원 3개월간 할인",https://direct.lghellovision.net/event/viewEventDetail.do?idxOfEvent=8571,"갤럭시Z폴드8/Z플립8, 통신3사보다 월 37,000원 저렴! 24만원 혜택까지
진행중",0,NO_BENEFIT,ETC,0,
2026-10-11 07:02:14,헬로모바일,※ 3개월 이후에는 월 요금 인상됩니다.,https://direct.lghellovision.net/event/viewEventDetail.do?idxOfEvent=8571,"갤럭시Z폴드8/Z플립8, 통신3사보다 월 37,000원 저렴! 24만원 혜택까지
진행중",0,NO_BENEFIT,ETC,0,
2026-10-11 07:02:14,헬로모바일,"혜택 : 가입비 면제(14,400원)",https://direct.lghellovision.net/event/viewEventDetail.do?idxOfEvent=8571,"갤럭시Z폴드8/Z플립8, 통신3사보다 월 37,000원 저렴! 24만원 혜택까지
진행중",0,NO_BENEFIT,ETC,0,
2026-10-11 07:02:14,헬로모바일,"[새폰 배송 및 반품 안내] · 반품/취소/반납 시에는 사전에 고객센터(1855-1055)에 문의하셔야 하며, 사전 문의없이 고객님 임의로 진행하실 경우 정상적으로 처리되지 않습니다. · 공식 제조사 A/S 2년간 무상 지원 받을 수 있습니다. [전시폰 배송 및 반품 안내] · 반품/취소/반납 시에는 사전에 고객센터(1855-1055)에 문의하셔야 하며 , 사전 문의없이 고객님 임의로 진행하실 경우 정상적으로 처리 되지 않습니다. · 전시폰은 매장 DP용으로 단순 개봉만 된 미개통 새 휴대폰으로, 공식 제조사 A/S를 2년간 똑같이 지원받을 수 있습니다. · 전시 과정에서 단말기 외관에 미세 스크래치가 존재할 수 있으며, 이로 인한 반품 및 교환은 불가합니다.",https://direct.lghellovision.net/event/viewEventDetail.do?idxOfEvent=8571,"갤럭시Z폴드8/Z플립8, 통신3사보다 월 37,000원 저렴! 24만원 혜택까지
진행중",0,NO_BENEFIT,ETC,0,
2026-10-11 07:02:14,헬로모바일,"[리퍼브폰 배송 및 반품 안내] · 반품/취소/반납 시에는 사전에 고객센터(1855-1055)에 문의하셔야 하며, 사전 문의없이 고객님 임의로 진행하실 경우 정상적으로 처리 되지 않습니다. · 리퍼브폰은 고객 단순 변심 등의 사유로 개통됐다가 반품된 단말로, 재출고 위해 삼성 정품 부품 100% 교체된 새폰급 상품입니다. · 리퍼브폰은 6개월간 배터리/액정/외관에 한해 무상 A/S 지원받을 수 있습니다 (단, 고객 과실로 인한 파손은 제외) [중고폰 배송 및 반품 안내] · 반품/취소/반납 시에는 사전에 번개장터(1855-1062)에 문의하셔야 하며, 사전 문의없이 고객님 임의로 진행하실 경우 정상적으로 처리 되지 않습니다. · 중고폰 특성상 단말기의 스크래치가 존재할 수 있으며, 이로 인한 반품 및 교환은 불가합니다. · 반품 및 취소 시에는 반드시 지정된 택배사(우체국택배)를 통해 선불(고객님 부담)로 반납하셔야 합니다. · 중고폰은 90일간 무상 교환 서비스를 제공하고 있습니다. (단, 고객 과실로 인한 파손은 제외) - 모든 이벤트 혜택은 헬로모바일 다이렉트몰에서 휴대폰 가입을 신청하고 개통한 고객님 기준으로 지급됩니다. - 본 이벤트는 한정 수량으로, 재고 소진 시 선착순 마감되며 자동종료 됩니다. - 월 할부금은 24개월 할부 기준으로, 할부이자 포함 금액입니다. - 본 이벤트는 단말할인(공시지원금)으로 안내 되어 있으며, 신규가입/번호이동/기기변경시 적용됩니다. - 공시지원금은 당사 정책에 따라 예고 없이 변경 될 수 있으며, 요금제 변경 및 명의변경 시에는 할인 및 혜택이 제외 될 수 있습니다. - 약정기간 이내 해지 시 약정할인 반환금 등 위약금이 부과될 수 있습니다. - 단말기 박스에 부착된 스티커에 색상이 기재되어 있으니 확인 후 개통해주세요. - 단말 반품/취소 시 택배비는 고객님 부담입니다. (단, 초기 불량 건 제외) - 사은품 제공 전 개통취소/해지/일시정지/명의변경/요금제변경/번호변경/유형 변경(개인 > 개인사업자 등) 시 사은품 대상에서 제외되며, 개통 후에도 회선이 유지되어야 합니다. - 부정한 방법으로 이벤트에 참여하신 경우 혜택 대상에서 제외됩니다.(90일 내 취소/해지 고객) - 요금제 별로 지원금이 다르기에 개통완료 후 요금제 변경 하실 경우 적용받았던 지원금 및 약정내용이 변경 될 수 있습니다. 이에 신청 완료 전 선택하신 요금제를 다시 한번 확인해주세요. - 개통 후 1개월 내 요금제 변경 불가합니다. - 요금제 기본제공량 초과 시 초과요금이 발생할 수 있습니다. 유의사항 상세보기",https://direct.lghellovision.net/event/viewEventDetail.do?idxOfEvent=8571,"갤럭시Z폴드8/Z플립8, 통신3사보다 월 37,000원 저렴! 24만원 혜택까지
진행중",0,NO_BENEFIT,ETC,0,
2026-10-11 07:02:14,헬로모바일,"15,900원 이상 요금제 가입 시 : 네이버페이 12만원(1.5만원*8개월 증정)",https://direct.lghellovision.net/event/viewEventDetail.do?idxOfEvent=586,"[알뜰폰, 알뜰요금제] 매월 4.7만원 혜택으로 8개월 통신비 0원!
진행중",0,NO_BENEFIT,ETC,0,
2026-10-11 07:02:14,헬로모바일,"① 10/1 ~ 10/15 기간 내 15,900원",https://direct.lghellovision.net/event/viewEventDetail.do?idxOfEvent=586,"[알뜰폰, 알뜰요금제] 매월 4.7만원 혜택으로 8개월 통신비 0원!
진행중",0,NO_BENEFIT,ETC,0,
2026-10-11 07:02:14,헬로모바일,"3. 사은품 지급 - 지급시기 12월 23일, 이후 매월 23일",https://direct.lghellovision.net/event/viewEventDetail.do?idxOfEvent=586,"[알뜰폰, 알뜰요금제] 매월 4.7만원 혜택으로 8개월 통신비 0원!
진행중",0,NO_BENEFIT,ETC,0,
2026-10-11 07:02:14,헬로모바일,"-7개월간 할인 요금제(DATA 걱정없는 유심 1GB, 쿠폰팩 유심 1GB 한정)-",https://direct.lghellovision.net/event/viewEventDetail.do?idxOfEvent=586,"[알뜰폰, 알뜰요금제] 매월 4.7만원 혜택으로 8개월 통신비 0원!
진행중",0,NO_BENEFIT,ETC,0,
2026-10-11 07:02:14,헬로모바일,1. 요금제 안내사항 : 가입한 날부터 7개월간 할인된 금액으로 이용할 수 있는 요금제입니다.,https://direct.lghellovision.net/event/viewEventDetail.do?idxOfEvent=586,"[알뜰폰, 알뜰요금제] 매월 4.7만원 혜택으로 8개월 통신비 0원!
진행중",0,NO_BENEFIT,ETC,0,
2026-10-11 07:02:14,헬로모바일,2. 요금제 유의사항 : 8개월차부터는 할인이 미적용된 기존 요금으로 부과되오니 이용에 참고 바랍니다.,https://direct.lghellovision.net/event/viewEventDetail.do?idxOfEvent=586,"[알뜰폰, 알뜰요금제] 매월 4.7만원 혜택으로 8개월 통신비 0원!
진행중",0,NO_BENEFIT,ETC,0,
2026-10-11 07:02:14,헬로모바일,1. 사은품: 네이버페이 10만원 또는 CU 상품권 10만원 (택 1),https://direct.lghellovision.net/event/viewEventDetail.do?idxOfEvent=586,"[알뜰폰, 알뜰요금제] 매월 4.7만원 혜택으로 8개월 통신비 0원!
진행중",0,NO_BENEFIT,ETC,0,
2026-10-11 07:02:14,헬로모바일,"①  10/1~ 10/31 기간 내 15,900원 이상 요금제로 개통을 진행하고",https://direct.lghellovision.net/event/viewEventDetail.do?idxOfEvent=586,"[알뜰폰, 알뜰요금제] 매월 4.7만원 혜택으로 8개월 통신비 0원!
진행중",0,NO_BENEFIT,ETC,0,
2026-10-11 07:02:14,헬로모바일,②  11/15 까지 갤럭Z8 및 아이폰18 시리즈로 기기등록(확정기변)을 완료한 고객,https://direct.lghellovision.net/event/viewEventDetail.do?idxOfEvent=586,"[알뜰폰, 알뜰요금제] 매월 4.7만원 혜택으로 8개월 통신비 0원!
진행중",0,NO_BENEFIT,ETC,0,
2026-10-11 07:02:14,헬로모바일,3. 사은품 선택 문자 발송 : 11/22~11/24 (3회발송),https://direct.lghellovision.net/event/viewEventDetail.do?idxOfEvent=586,"[알뜰폰, 알뜰요금제] 매월 4.7만원 혜택으로 8개월 통신비 0원!
진행중",0,NO_BENEFIT,ETC,0,
2026-10-11 07:02:14,헬로모바일,4. 사은품 지급 - 매월 1만원씩 10개월간 지급(1만원*10개월) - 지급시기: 27년 1월 23일(매월 23일),https://direct.lghellovision.net/event/viewEventDetail.do?idxOfEvent=586,"[알뜰폰, 알뜰요금제] 매월 4.7만원 혜택으로 8개월 통신비 0원!
진행중",0,NO_BENEFIT,ETC,0,
2026-10-11 07:02:14,헬로모바일,-현대홈쇼핑 제휴요금제에 가입한 고객님께 매월 2만원 혜택을 드립니다.-,https://direct.lghellovision.net/event/viewEventDetail.do?idxOfEvent=586,"[알뜰폰, 알뜰요금제] 매월 4.7만원 혜택으로 8개월 통신비 0원!
진행중",0,NO_BENEFIT,ETC,0,
2026-10-11 07:02:14,헬로모바일,"① Hmall 적립금 : 5,000원",https://direct.lghellovision.net/event/viewEventDetail.do?idxOfEvent=586,"[알뜰폰, 알뜰요금제] 매월 4.7만원 혜택으로 8개월 통신비 0원!
진행중",0,NO_BENEFIT,ETC,0,
2026-10-11 07:02:14,헬로모바일,"② hmall 할인쿠폰 : 5,000원(5만원 이상 구매시, 일부상품 제외)",https://direct.lghellovision.net/event/viewEventDetail.do?idxOfEvent=586,"[알뜰폰, 알뜰요금제] 매월 4.7만원 혜택으로 8개월 통신비 0원!
진행중",0,NO_BENEFIT,ETC,0,
2026-10-11 07:02:14,헬로모바일,"③ hamll 할인쿠폰 : 10,000원(3만원 이상 구매시, TV방송상품 전용)",https://direct.lghellovision.net/event/viewEventDetail.do?idxOfEvent=586,"[알뜰폰, 알뜰요금제] 매월 4.7만원 혜택으로 8개월 통신비 0원!
진행중",0,NO_BENEFIT,ETC,0,
2026-10-11 07:02:14,헬로모바일,: 10/1 ~ 10/31 내 아래 현대홈쇼핑 요금제로 가입한 고객님,https://direct.lghellovision.net/event/viewEventDetail.do?idxOfEvent=586,"[알뜰폰, 알뜰요금제] 매월 4.7만원 혜택으로 8개월 통신비 0원!
진행중",0,NO_BENEFIT,ETC,0,
2026-10-11 07:02:14,헬로모바일,: 요금제 개통 익월 부터 매월 22일,https://direct.lghellovision.net/event/viewEventDetail.do?idxOfEvent=586,"[알뜰폰, 알뜰요금제] 매월 4.7만원 혜택으로 8개월 통신비 0원!
진행중",0,NO_BENEFIT,ETC,0,
2026-10-11 07:02:14,헬로모바일,☎현대홈쇼핑 고객센터 : 1600-0000,https://direct.lghellovision.net/event/viewEventDetail.do?idxOfEvent=586,"[알뜰폰, 알뜰요금제] 매월 4.7만원 혜택으로 8개월 통신비 0원!
진행중",0,NO_BENEFIT,ETC,0,
2026-10-11 07:02:14,헬로모바일,"5. 혜택 제공 상세 - 헬로모바일 가입회선 기준으로, 매월 22일경 현대홈쇼핑(Hmall) 회원계정에 적립금 및 할인쿠폰 혜택이 제공되며, 미가입자의 경우 개통월 기준 익월 14일이내 회원가입을 완료 시 혜택 지급됩니다. - 14세 미만 가입자는 현대홈쇼핑 계정가입이 불가하여 SMS로 난수번호를 발급해드립니다. -헬로모바일 가입회선으로 현대홈쇼핑(Hmall) 회원계정 보유 시 혜택이 지급됩니다. - 현대홈쇼핑 계정 미보유 시, 신규가입은 헬로모바일 개통월 기준 익월 14일내 가입해야하며, 동일2회선이상 보유시 현대홈쇼핑 최근가입계정으로 혜택 제공됩니다. - 현대홈쇼핑(Hmall)에 기간 내 계정 미가입 시, 혜택은 제공되지 않습니다. -14세 미만은 현대홈쇼핑(Hmall) 계정가입이 불가하여, 매월 22일 문자메세지로 난수번호 및 쿠폰등록페이지를 발송드립니다.",https://direct.lghellovision.net/event/viewEventDetail.do?idxOfEvent=586,"[알뜰폰, 알뜰요금제] 매월 4.7만원 혜택으로 8개월 통신비 0원!
진행중",0,NO_BENEFIT,ETC,0,
2026-10-11 07:02:14,헬로모바일,"-적립금과 할인쿠폰(1 또는 2)은 동시 사용가능하며, 할인쿠폰별 적용 가능 상품이 상이하므로 사용 전 대상상품을 확인해 주시기 바랍니다. - 혜택 제공 전 개통취소/타 요금제 변경/명의 변경/해지/번호 변경 시 혜택이 종료되며, 재지급 불가합니다. - 정지건은 총 제공기간 24개월에 정지기간을 포함하며, 정지해제시 지급됩니다. - 기존 타 요금제 이용고객의 경우 현대홈쇼핑 요금제로 변경 가능하나, 고객센터를 통해서만 변경이 가능하며 프로모션 할인 전 기본 요금으로만 이용 가능합니다.(혜택은 제공) - 현대홈쇼핑 요금제간 변경 가능하나, 고객센터를 통해서만 변경이 가능하며 프로모션 할인 전 기본 요금으로만 이용 가능합니다.(혜택 제공)",https://direct.lghellovision.net/event/viewEventDetail.do?idxOfEvent=586,"[알뜰폰, 알뜰요금제] 매월 4.7만원 혜택으로 8개월 통신비 0원!
진행중",0,NO_BENEFIT,ETC,0,
2026-10-11 07:02:14,헬로모바일,1. 사은품 : 휴대폰 지원금 쿠폰 10만원 (네이버페이),https://direct.lghellovision.net/event/viewEventDetail.do?idxOfEvent=586,"[알뜰폰, 알뜰요금제] 매월 4.7만원 혜택으로 8개월 통신비 0원!
진행중",0,NO_BENEFIT,ETC,0,
2026-10-11 07:02:14,헬로모바일,2. 기간 : 10/1 ~ 10/31,https://direct.lghellovision.net/event/viewEventDetail.do?idxOfEvent=586,"[알뜰폰, 알뜰요금제] 매월 4.7만원 혜택으로 8개월 통신비 0원!
진행중",0,NO_BENEFIT,ETC,0,
2026-10-11 07:02:14,헬로모바일,(기간은 사전 고지없이 종료 및 연장될 수 있습니다.),https://direct.lghellovision.net/event/viewEventDetail.do?idxOfEvent=586,"[알뜰폰, 알뜰요금제] 매월 4.7만원 혜택으로 8개월 통신비 0원!
진행중",0,NO_BENEFIT,ETC,0,
2026-10-11 07:02:14,헬로모바일,① 유심/eSIM 가입 익월 휴대폰 지원금 쿠폰 발행(11/23),https://direct.lghellovision.net/event/viewEventDetail.do?idxOfEvent=586,"[알뜰폰, 알뜰요금제] 매월 4.7만원 혜택으로 8개월 통신비 0원!
진행중",0,NO_BENEFIT,ETC,0,
2026-10-11 07:02:14,헬로모바일,"3개월 내(27년 2월 말까지) 쿠폰 코드 입력 후 휴대폰 개통 완료 시,",https://direct.lghellovision.net/event/viewEventDetail.do?idxOfEvent=586,"[알뜰폰, 알뜰요금제] 매월 4.7만원 혜택으로 8개월 통신비 0원!
진행중",0,NO_BENEFIT,ETC,0,
2026-10-11 07:02:14,헬로모바일,익월 네이버페이 10만원 일시 지급,https://direct.lghellovision.net/event/viewEventDetail.do?idxOfEvent=586,"[알뜰폰, 알뜰요금제] 매월 4.7만원 혜택으로 8개월 통신비 0원!
진행중",0,NO_BENEFIT,ETC,0,
2026-10-11 07:02:14,헬로모바일,② 3개월 내 헬로모바일 직영몰에서 원하는 휴대폰 선택 후 ´기기변경´ 온라인 가입 진행,https://direct.lghellovision.net/event/viewEventDetail.do?idxOfEvent=586,"[알뜰폰, 알뜰요금제] 매월 4.7만원 혜택으로 8개월 통신비 0원!
진행중",0,NO_BENEFIT,ETC,0,
2026-10-11 07:02:14,헬로모바일,④ 휴대폰 개통 완료 익월 네이버페이 10만원 일시 지급,https://direct.lghellovision.net/event/viewEventDetail.do?idxOfEvent=586,"[알뜰폰, 알뜰요금제] 매월 4.7만원 혜택으로 8개월 통신비 0원!
진행중",0,NO_BENEFIT,ETC,0,
2026-10-11 07:02:14,헬로모바일,유심/휴대폰 가입 시 프레딧 2만원 쿠폰이 증정됩니다.,https://direct.lghellovision.net/event/viewEventDetail.do?idxOfEvent=586,"[알뜰폰, 알뜰요금제] 매월 4.7만원 혜택으로 8개월 통신비 0원!
진행중",0,NO_BENEFIT,ETC,0,
2026-10-11 07:02:14,헬로모바일,1. 사은품 : 프레딧 할인쿠폰 2만원(5천원이 4개월간 매월 지급됩니다.)&야쿠르트 X.0 2개 무료교환쿠폰,https://direct.lghellovision.net/event/viewEventDetail.do?idxOfEvent=586,"[알뜰폰, 알뜰요금제] 매월 4.7만원 혜택으로 8개월 통신비 0원!
진행중",0,NO_BENEFIT,ETC,0,
2026-10-11 07:02:14,헬로모바일,2. 대상자 : 26/10/1~26/10/31 기간 내 유심/eSIM/휴대폰 요금제로 개통고객 전원,https://direct.lghellovision.net/event/viewEventDetail.do?idxOfEvent=586,"[알뜰폰, 알뜰요금제] 매월 4.7만원 혜택으로 8개월 통신비 0원!
진행중",0,NO_BENEFIT,ETC,0,
2026-10-11 07:02:14,헬로모바일,3. 사은품 발송 - 1개월차 : 11월 3주차 - 2개월 ~ 4개월차 : 매월3주차 발송됩니다. ※무료교환쿠폰은 1개월차에 지급됩니다.,https://direct.lghellovision.net/event/viewEventDetail.do?idxOfEvent=586,"[알뜰폰, 알뜰요금제] 매월 4.7만원 혜택으로 8개월 통신비 0원!
진행중",0,NO_BENEFIT,ETC,0,
2026-10-11 07:02:14,헬로모바일,"[할인쿠폰] - 매월 5천원씩 4개월간 쿠폰 난수번호가 카카오톡 알림톡으로 발송됩니다. - 해당쿠폰은 2만원 이상 구매시 사용 가능합니다. - 구매 가능 제품군 : 신선간편식(밀키트, 샐러드, 식재료 등) 및 라이프(뷰티, 생활용품, 펫츠 등) - 유제품, 건강식품, 일부 위탁상품 등 주문 시엔 사용 불가 - 쿠폰 등록기간 : 발송일로부터 30일 - 쿠폰 유효기간 : 등록일로부터 1개월 [무료교환쿠폰]",https://direct.lghellovision.net/event/viewEventDetail.do?idxOfEvent=586,"[알뜰폰, 알뜰요금제] 매월 4.7만원 혜택으로 8개월 통신비 0원!
진행중",0,NO_BENEFIT,ETC,0,
2026-10-11 07:02:14,헬로모바일,프레딧 마이페이지 내 무료교환 쿠폰 등록 후 주소지 입력 하면 무료배송됩니다. - 쿠폰 등록기간 : 발급일로터 1개월,https://direct.lghellovision.net/event/viewEventDetail.do?idxOfEvent=586,"[알뜰폰, 알뜰요금제] 매월 4.7만원 혜택으로 8개월 통신비 0원!
진행중",0,NO_BENEFIT,ETC,0,
2026-10-11 07:02:14,헬로모바일,데이터 추가제공 대상자 지급 일시 및 유의사항(24개월간),https://direct.lghellovision.net/event/viewEventDetail.do?idxOfEvent=586,"[알뜰폰, 알뜰요금제] 매월 4.7만원 혜택으로 8개월 통신비 0원!
진행중",0,NO_BENEFIT,ETC,0,
2026-10-11 07:02:14,헬로모바일,: 26.10.01 ~ 26.10.31,https://direct.lghellovision.net/event/viewEventDetail.do?idxOfEvent=586,"[알뜰폰, 알뜰요금제] 매월 4.7만원 혜택으로 8개월 통신비 0원!
진행중",0,NO_BENEFIT,ETC,0,
2026-10-11 07:02:14,헬로모바일,① 프로모션 기간 내 대상 요금제 개통,https://direct.lghellovision.net/event/viewEventDetail.do?idxOfEvent=586,"[알뜰폰, 알뜰요금제] 매월 4.7만원 혜택으로 8개월 통신비 0원!
진행중",0,NO_BENEFIT,ETC,0,
2026-10-11 07:02:14,헬로모바일,②2~24개월차 : 매월 1일 지급,https://direct.lghellovision.net/event/viewEventDetail.do?idxOfEvent=586,"[알뜰폰, 알뜰요금제] 매월 4.7만원 혜택으로 8개월 통신비 0원!
진행중",0,NO_BENEFIT,ETC,0,
2026-10-11 07:02:14,헬로모바일,: 26년 10월 1일 ~ 10월 31일,https://direct.lghellovision.net/event/viewEventDetail.do?idxOfEvent=586,"[알뜰폰, 알뜰요금제] 매월 4.7만원 혜택으로 8개월 통신비 0원!
진행중",0,NO_BENEFIT,ETC,0,
2026-10-11 07:02:14,헬로모바일,-피추천인 사은품 대상 기간:,https://direct.lghellovision.net/event/viewEventDetail.do?idxOfEvent=586,"[알뜰폰, 알뜰요금제] 매월 4.7만원 혜택으로 8개월 통신비 0원!
진행중",0,NO_BENEFIT,ETC,0,
2026-10-11 07:02:14,헬로모바일,~ 10월 15일 내 친구추천 링크를 통해 유심 요금제를 개통한 고객님,https://direct.lghellovision.net/event/viewEventDetail.do?idxOfEvent=586,"[알뜰폰, 알뜰요금제] 매월 4.7만원 혜택으로 8개월 통신비 0원!
진행중",0,NO_BENEFIT,ETC,0,
2026-10-11 07:02:14,헬로모바일,"[유심] 신세계상품권 1만원 (추천 1명당 1만원, 최대 5만원까지 지급)",https://direct.lghellovision.net/event/viewEventDetail.do?idxOfEvent=586,"[알뜰폰, 알뜰요금제] 매월 4.7만원 혜택으로 8개월 통신비 0원!
진행중",0,NO_BENEFIT,ETC,0,
2026-10-11 07:02:14,헬로모바일,"[휴대폰기기] 신세계상품권 3만원 (추천 1명당 3만원, 최대 15만원까지 지급)",https://direct.lghellovision.net/event/viewEventDetail.do?idxOfEvent=586,"[알뜰폰, 알뜰요금제] 매월 4.7만원 혜택으로 8개월 통신비 0원!
진행중",0,NO_BENEFIT,ETC,0,
2026-10-11 07:02:14,헬로모바일,*유심+휴대폰기기 총 10명 추천시 최대 10만원 증정,https://direct.lghellovision.net/event/viewEventDetail.do?idxOfEvent=586,"[알뜰폰, 알뜰요금제] 매월 4.7만원 혜택으로 8개월 통신비 0원!
진행중",0,NO_BENEFIT,ETC,0,
2026-10-11 07:02:14,헬로모바일,신세계상품권 → 26년 12월3주차 순차배송,https://direct.lghellovision.net/event/viewEventDetail.do?idxOfEvent=586,"[알뜰폰, 알뜰요금제] 매월 4.7만원 혜택으로 8개월 통신비 0원!
진행중",0,NO_BENEFIT,ETC,0,
2026-10-11 07:02:14,헬로모바일,"<15,900원 이상 요금제로 친추 가입 시>",https://direct.lghellovision.net/event/viewEventDetail.do?idxOfEvent=586,"[알뜰폰, 알뜰요금제] 매월 4.7만원 혜택으로 8개월 통신비 0원!
진행중",0,NO_BENEFIT,ETC,0,
2026-10-11 07:02:14,헬로모바일,① 네이버페이 13.6만원 또는 ② CU 상품권 13.6만원 (택1),https://direct.lghellovision.net/event/viewEventDetail.do?idxOfEvent=586,"[알뜰폰, 알뜰요금제] 매월 4.7만원 혜택으로 8개월 통신비 0원!
진행중",0,NO_BENEFIT,ETC,0,
2026-10-11 07:02:14,헬로모바일,※ 1.7만원*8개월 - 지급시점 12월 부터 27년 7월까지 매월 23일,https://direct.lghellovision.net/event/viewEventDetail.do?idxOfEvent=586,"[알뜰폰, 알뜰요금제] 매월 4.7만원 혜택으로 8개월 통신비 0원!
진행중",0,NO_BENEFIT,ETC,0,
2026-10-11 07:02:14,헬로모바일,"<5,000원 이상 ~ 15,900원 미만 요금제로 친추 가입 시>",https://direct.lghellovision.net/event/viewEventDetail.do?idxOfEvent=586,"[알뜰폰, 알뜰요금제] 매월 4.7만원 혜택으로 8개월 통신비 0원!
진행중",0,NO_BENEFIT,ETC,0,
2026-10-11 07:02:14,헬로모바일,① 네이버페이 8만원 또는 ② CU 상품권 8만원 (택1),https://direct.lghellovision.net/event/viewEventDetail.do?idxOfEvent=586,"[알뜰폰, 알뜰요금제] 매월 4.7만원 혜택으로 8개월 통신비 0원!
진행중",0,NO_BENEFIT,ETC,0,
2026-10-11 07:02:14,헬로모바일,"<5,000원 미만 요금제로 친추 가입 시>",https://direct.lghellovision.net/event/viewEventDetail.do?idxOfEvent=586,"[알뜰폰, 알뜰요금제] 매월 4.7만원 혜택으로 8개월 통신비 0원!
진행중",0,NO_BENEFIT,ETC,0,
2026-10-11 07:02:14,헬로모바일,① 네이버페이 4만원 또는 ② CU 상품권 4만원 (택1),https://direct.lghellovision.net/event/viewEventDetail.do?idxOfEvent=586,"[알뜰폰, 알뜰요금제] 매월 4.7만원 혜택으로 8개월 통신비 0원!
진행중",0,NO_BENEFIT,ETC,0,
2026-10-11 07:02:14,헬로모바일,4. 사은품 선택알림톡 발송일정,https://direct.lghellovision.net/event/viewEventDetail.do?idxOfEvent=586,"[알뜰폰, 알뜰요금제] 매월 4.7만원 혜택으로 8개월 통신비 0원!
진행중",0,NO_BENEFIT,ETC,0,
2026-10-11 07:02:14,헬로모바일,"② 피추천인 : 개통일 기준 D+5,6,7일에 알림톡이 발송됩니다. ( D+14 자정까지 알림톡 내 링크가 유효하며, 이후에는 선택이 불가합니다.)",https://direct.lghellovision.net/event/viewEventDetail.do?idxOfEvent=586,"[알뜰폰, 알뜰요금제] 매월 4.7만원 혜택으로 8개월 통신비 0원!
진행중",0,NO_BENEFIT,ETC,0,
2026-10-11 07:02:14,헬로모바일,※ 기간 내 사은품 미선택 시 사은품 지급이 불가합니다.,https://direct.lghellovision.net/event/viewEventDetail.do?idxOfEvent=586,"[알뜰폰, 알뜰요금제] 매월 4.7만원 혜택으로 8개월 통신비 0원!
진행중",0,NO_BENEFIT,ETC,0,
2026-10-11 07:02:14,헬로모바일,"데이터 추가제공 대상자 지급 일시(24개월간) - 데이터 추가제공 대상 요금제 : 아래 친구추천 데이터 추가제공 요금제 확인해 주세요 - 추천인 및 피추천인이 개통취소/해지/일시정지/번호변경 시 추천/피추천인 모두 자동으로 지급 중단 및 재지급 불가합니다. (25년 9/24 00시 이전 추천인이 해지했다면, 피추천인의 데이터 추가제공은 계속 지급됩니다. 다만, 9/24 00시 이후 추천인이 해지했다면 연결된 피추천인의 데이터 추가제공은 지급 중단됩니다.) - 추천인이 보유한 회선수 별 추천을 진행했다면추천한 회선수에 데이터가 지급되며, 가입한 피추천인또한 회선별로 데이터가 지급됩니다. - 추천인이 추가로 본인에게 추천을 통해 추가 회선에 가입해다면 데이터가 지급됩니다. - 이미 데이터 추가지급을 받고 있는 고객의 경우(헬로모바일 결합 등) 추천 및 가입을 진행하더라도 데이터 추가제공이 불가합니다. (기존 데이터 지급기간 유지) - 친구추천을 통해 개통한 당일 헬로모바일 결합을 동일 대상자와 진행한다면 친구추천 피추천인 사은품은 제공이 불가합니다.(헬로결합을 원하시는 고객님은 친구추천 개통 익일부터 진행부탁드립니다.) 친구추천 가입 중 추천인 번호 해지 시 추가 데이터 제공이 되지 않습니다. - 추가증정 데이터는 월제공데이터>일제공량>데이터추가제공>QOS 순으로 차감됩니다. ※요금제 변경 시 데이터 추가제공 기준",https://direct.lghellovision.net/event/viewEventDetail.do?idxOfEvent=586,"[알뜰폰, 알뜰요금제] 매월 4.7만원 혜택으로 8개월 통신비 0원!
진행중",0,NO_BENEFIT,ETC,0,
2026-10-11 07:02:14,헬로모바일,※ 5/10/20GB 데이터 추가증정 대상요금제,https://direct.lghellovision.net/event/viewEventDetail.do?idxOfEvent=586,"[알뜰폰, 알뜰요금제] 매월 4.7만원 혜택으로 8개월 통신비 0원!
진행중",0,NO_BENEFIT,ETC,0,
2026-10-11 07:02:14,헬로모바일,"셀프개통 안내 자세히 보기 > - 셀프개통 불가고객: 번호이동 가입 3개월 미만 고객, 미성년자(만 18세 이하, 개통시점 생일기준) 및 배송유심으로 신규(010신규) 가입신청하신 경우(선개통되어 유심 배송) - 신규가입(010 신규) 시 편의점/제휴처 등에서 유심을 구매한 후, 추천 URL을 통해 가입하면 셀프개통이 가능합니다. - 모든 이벤트 혜택은 당사 사정에 의해 조기종료 혹은 일정/내용 등이 변경될 수 있습니다. - 추천인이 추천을 하는 경우 기존 사용중인 휴대폰 번호를 해지시 기존URL은 사용이 불가하므로, 새로운 추천URL을 발급받아 활용해주세요. - 가입신청서 작성 시, 하단에 ‘LT~로 시작하는 추천인ID’가 기재돼야 합니다. 추천인ID 미노출 시 추천인 링크 재접속 후 다시 확인해주세요. - 사은품 제공 전 개통취소/해지/일시정지/명의변경/요금제변경/번호변경/유형변경(개인→개인사업자 등) 시 사은품 대상에서 제외되며, 개통 후에도 요금제 회선이 유지되어야 합니다. - 본 이벤트 페이지에서 진행하는 친구추천 사은품은 타 채널(알닷, 모요 등) 이벤트와 중복 지급이 불가합니다. 추천인과 피추천인이 동일한 경우(본인추천)에는 상품권 지급이 불가합니다. - 모바일 상품권 유효기간은 발송일로부터 60일이며, 유효기간 만료 후에는 상품권 사용 및 재발송이 불가합니다. - 사은품 관련 문의는 헬로모바일 고객센터를 통해 가능합니다. [LGU+망 1855-1140] - 부정한 방법으로 이벤트 참여 시 혜택 대상에서 제외됩니다. ex) 3개월 이내 동일한 명의로 가입과 해지를 반복 진행한 경우(2회 이상)",https://direct.lghellovision.net/event/viewEventDetail.do?idxOfEvent=586,"[알뜰폰, 알뜰요금제] 매월 4.7만원 혜택으로 8개월 통신비 0원!
진행중",0,NO_BENEFIT,ETC,0,
2026-10-11 07:02:14,헬로모바일,"1. 사은품 : eSIM 비용 2,750원 면제",https://direct.lghellovision.net/event/viewEventDetail.do?idxOfEvent=586,"[알뜰폰, 알뜰요금제] 매월 4.7만원 혜택으로 8개월 통신비 0원!
진행중",0,NO_BENEFIT,ETC,0,
2026-10-11 07:02:14,헬로모바일,"이벤트 기간 내 eSIM을  LG U+망으로 가입 신청 및 개통 완료한 고객님에 한하여 최초 1회 비용 면제 - 모든 이벤트 혜택은 헬로모바일 다이렉트몰에서 가입한 고객 기준으로 지급됩니다. 단, 온라인 오픈마켓채널(롯데온,G마켓/옥션, 번개장터 등) 및 선구매 유심으로 헬로모바일 다이렉트몰에서 가입한 고객님껜 동일 혜택 제공",https://direct.lghellovision.net/event/viewEventDetail.do?idxOfEvent=586,"[알뜰폰, 알뜰요금제] 매월 4.7만원 혜택으로 8개월 통신비 0원!
진행중",0,NO_BENEFIT,ETC,0,
2026-10-11 07:02:14,헬로모바일,"될 수 있습니다. - 사은품은 가입일에 따라 순차 발송되며, 사은품별로 지급일자는 다를 수 있습니다. - 친구추천 사은품의 경우 사은품 선택 위한 알림톡은 총 3회(개통일 기준 D+5,6,7일) 발송되며 D+14일 자정까지 링크는 유효합니다.",https://direct.lghellovision.net/event/viewEventDetail.do?idxOfEvent=586,"[알뜰폰, 알뜰요금제] 매월 4.7만원 혜택으로 8개월 통신비 0원!
진행중",0,NO_BENEFIT,ETC,0,
2026-10-11 07:02:14,헬로모바일,"사은품 선택을 위한 알림톡이 발송되며, 카카오톡 미설치 등의 사유로 선택 알림톡 발송 실패 시, LMS로 대체되어 발송됩니다. - 알림톡은 개통 완료한 번호로 발송되며, 기간 내 배송정보 미입력 등의 사유로 인한 재발송은 불가",https://direct.lghellovision.net/event/viewEventDetail.do?idxOfEvent=586,"[알뜰폰, 알뜰요금제] 매월 4.7만원 혜택으로 8개월 통신비 0원!
진행중",0,NO_BENEFIT,ETC,0,
2026-10-11 07:02:14,헬로모바일,"전화신청으로 가입하신 고객님은 사은품 발송 대상에서 제외됩니다. - 상품권 수령자와 모바일 가입자는 일치해야 하며, 상품권 양도는 불가합니다. - 모바일 상품권 유효기간은 발송일로부터 60일 이며, 유효기간 만료 후에는 상품권 사용 및 재발송 불가합니다. - [LGU+망] 데이터 유심 10/20GB [KT망] 헬로 패드 USIM 1,2,3,6,10GB, 데이터플러스 10/20GB 요금제 사용 고객님은 사은품 대상자에서 제외됩니다. - 부정한 방법으로 이벤트에 참여하신 경우 혜택 대상에서 제외됩니다.(90일 내 취소/해지 고객) - 개통 후 1개월 내 요금제 변경이 불가합니다. - 요금제 기본제공량 초과 시 초과요금이 발생할 수 있습니다. - 사은품 관련 문의는 공식 행복센터를 통해 가능합니다. [LGU+망] 1855-1140, [KT망] 1855-1144 유의사항 상세보기",https://direct.lghellovision.net/event/viewEventDetail.do?idxOfEvent=586,"[알뜰폰, 알뜰요금제] 매월 4.7만원 혜택으로 8개월 통신비 0원!
진행중",0,NO_BENEFIT,ETC,0,
2026-10-11 07:02:14,헬로모바일,"-적립금과 할인쿠폰(1 또는 2)은 동시 사용가능하며, 할인쿠폰별 적용 가능 상품이 상이하므로 사용 전 대상상품을 확인해 주시기 바랍니다. - 혜택 제공 전 개통취소/타 요금제 변경/명의 변경/해지/번호 변경 시 혜택이 종료되며, 재지급 불가합니다. - 정지건은 총 제공기간 24개월에 정지기간을 포함하며, 정지해제시 지급됩니다. - 기존 타 요금제 이용고객의 경우 현대홈쇼핑 요금제로 변경 가능하나, 고객센터를 통해서만 변경이 가능하며 프로모션 할인 전 기본 요금으로만 이용 가능합니다.(혜택은 제공) - 현대홈쇼핑 요금제간 변경 가능하나, 고객센터를 통해서만 변경이 가능하며 프로모션 할인 전 기본 요금으로만 이용 가능합니다.(혜택 제공) 유독 구글AI프로도미노피자 구독 할인쿠폰 지급 안내",https://direct.lghellovision.net/event/viewEventDetail.do?idxOfEvent=7091,"[가정의달 특가]갤럭시,아이폰 10종 할인 월 요금 8천원대로 끝!
진행중",0,NO_BENEFIT,ETC,0,
2026-10-11 07:02:14,헬로모바일,유심/휴대폰 가입 시 [유독] 구글AI 프로 + 도미노피자25% 구독 상품의 1.5만원 할인쿠폰이 증정됩니다.,https://direct.lghellovision.net/event/viewEventDetail.do?idxOfEvent=7091,"[가정의달 특가]갤럭시,아이폰 10종 할인 월 요금 8천원대로 끝!
진행중",0,NO_BENEFIT,ETC,0,
2026-10-11 07:02:14,헬로모바일,1. 사은품 : [유독] 구글 AI 프로 + 도미노피자 25% 구독상품 할인쿠폰 5천원*3개월,https://direct.lghellovision.net/event/viewEventDetail.do?idxOfEvent=7091,"[가정의달 특가]갤럭시,아이폰 10종 할인 월 요금 8천원대로 끝!
진행중",0,NO_BENEFIT,ETC,0,
2026-10-11 07:02:14,헬로모바일,2. 대상자 : 26/9/1~26/9/30 기간 내 유심/eSIM/휴대폰 요금제 개통고객 전원,https://direct.lghellovision.net/event/viewEventDetail.do?idxOfEvent=7091,"[가정의달 특가]갤럭시,아이폰 10종 할인 월 요금 8천원대로 끝!
진행중",0,NO_BENEFIT,ETC,0,
2026-10-11 07:02:14,헬로모바일,3. 사은품 발송 : 10월 2주차 이내,https://direct.lghellovision.net/event/viewEventDetail.do?idxOfEvent=7091,"[가정의달 특가]갤럭시,아이폰 10종 할인 월 요금 8천원대로 끝!
진행중",0,NO_BENEFIT,ETC,0,
2026-10-11 07:02:14,헬로모바일,*9월에 받은 5천원 쿠폰을 적용시 자동으로 3개월간 할인적용됩니다.,https://direct.lghellovision.net/event/viewEventDetail.do?idxOfEvent=7091,"[가정의달 특가]갤럭시,아이폰 10종 할인 월 요금 8천원대로 끝!
진행중",0,NO_BENEFIT,ETC,0,
2026-10-11 07:02:14,헬로모바일,4. 쿠폰 사용 조건 및 등록 기간,https://direct.lghellovision.net/event/viewEventDetail.do?idxOfEvent=7091,"[가정의달 특가]갤럭시,아이폰 10종 할인 월 요금 8천원대로 끝!
진행중",0,NO_BENEFIT,ETC,0,
2026-10-11 07:02:14,헬로모바일,1) 쿠폰 발송: 쿠폰이 발송된 월을 포함하여 총 3개월간 쿠폰등록가능,https://direct.lghellovision.net/event/viewEventDetail.do?idxOfEvent=7091,"[가정의달 특가]갤럭시,아이폰 10종 할인 월 요금 8천원대로 끝!
진행중",0,NO_BENEFIT,ETC,0,
2026-10-11 07:02:14,헬로모바일,"2) 쿠폰 소진 기간 : 쿠폰 등록 이후 3개월간 자동사용됨 (6월 이후로도 자동소진) - 만 19세 이상 고객님만 해당 구독상품을 이용할 수 있습니다. - 만 19세 미만 고객님이 사용할 경우, 성인(부모님 등)계정으로 [유독] 로그인 후 쿠폰을 등록하면 사용 가능합니다. - 도미노 혜택 : 도미노 25% 할인 쿠폰 (혜택 사용 조건 : 15,000원 이상 구매 시 적용, 배달/포장 사용 가능, 소스/음료 등도 금액 기준에 포함) - 구글 AI 프로 서비스 중 클라우드(2TB)는 본인을 포함하여 최대 5명까지 추가 가능합니다. 단, 제미나이는 별도 추가가 불가합니다. - *[유독] 내 가입/쿠폰등록 및 사용 등 전반에 관련된 문의는 유독 전담 상담센터를 통해 문의해 주세요.(유독 전담 상담센터:1833-7000) [유독 구글 AI PRO + 도미노피자 25% 구독 결제 안내사항] - 매달 자동 결제되는 상품입니다. - 가입 후 정기결제일은 다음 구독 주기 시작 하루 전날이고, 정기결제일 다음날부터 새로운 구독 주기가 시작됩니다. - 해지 신청을 하더라도 다음 결제일까지 서비스를 계속 이용할 수 있습니다. 다음 결제일이 지나면 자동 해지됩니다. - 이용 중 서비스를 예약해지하더라도 선결제한 서비스의 이용기간동안 서비스를 이용할 수 있으며 월정액 금액이 청구 됩니다. [구글 AI PRO 사용방법]",https://direct.lghellovision.net/event/viewEventDetail.do?idxOfEvent=7091,"[가정의달 특가]갤럭시,아이폰 10종 할인 월 요금 8천원대로 끝!
진행중",0,NO_BENEFIT,ETC,0,
2026-10-11 07:02:14,헬로모바일,"4) 유독+AI PRO 혜택 (배장/포장 25% 할인) 혜택 선택 후, 쿠폰번호 입력",https://direct.lghellovision.net/event/viewEventDetail.do?idxOfEvent=7091,"[가정의달 특가]갤럭시,아이폰 10종 할인 월 요금 8천원대로 끝!
진행중",0,NO_BENEFIT,ETC,0,
2026-10-11 07:02:14,헬로모바일,"[리퍼브폰 배송 및 반품 안내] · 반품/취소/반납 시에는 사전에 고객센터(1855-1055)에 문의하셔야 하며, 사전 문의없이 고객님 임의로 진행하실 경우 정상적으로 처리 되지 않습니다. · 리퍼브폰은 고객 단순 변심 등의 사유로 개통됐다가 반품된 단말로, 재출고 위해 삼성 정품 부품 100% 교체된 새폰급 상품입니다. · 리퍼브폰은 6개월간 배터리/액정/외관에 한해 무상 A/S 지원받을 수 있습니다 (단, 고객 과실로 인한 파손은 제외) [중고폰 배송 및 반품 안내] · 반품/취소/반납 시에는 사전에 번개장터(1855-1062)에 문의하셔야 하며, 사전 문의없이 고객님 임의로 진행하실 경우 정상적으로 처리 되지 않습니다. · 중고폰 특성상 단말기의 스크래치가 존재할 수 있으며, 이로 인한 반품 및 교환은 불가합니다. · 반품 및 취소 시에는 반드시 지정된 택배사(우체국택배)를 통해 선불(고객님 부담)로 반납하셔야 합니다. · 중고폰은 90일간 무상 교환 서비스를 제공하고 있습니다. (단, 고객 과실로 인한 파손은 제외) [헬로모바일 전시폰 안내] - 전시폰은 개통 이력이 없으며, 매장에 단순 전시 되었던 단말입니다. 새폰과 같은 퀄리티의 단말을 저렴한 가격으로 구매하실 수 있습니다. - 전시폰은 새폰과 동일하게 제조사 A/S를 최대 2년 이용할 수 있습니다. (갤럭시 : 2년 / 아이폰 : 제품별 보증기간에 따라 상이) - 전시 과정에서 단말기 외관에 미세 스크래치가 존재할 수 있으며, 이로 인한 반품 및 교환은 불가합니다. [S급 전시폰 안내] - 가장 깔끔한 품질의 퀄리티로 전시 과정에서 액정 및 외관에 미세 스크레치, 흠집이 3개 이하인 모델을 뜻합니다. - 가장 새폰급인 모델로 합리적인 가격에 새폰을 구매할 수 있습니다. [A급 전시폰 안내] - 기능상의 문제는 전혀 없지만 전시 과정에서 액정 및 외관에 스크레치, 흠집이 있을 수 있고 찍힘이 5개 이하인 모델을 뜻합니다. - 스크레치를 감안해 더 많은 지원금을 받을 수 있는 가성비 모델입니다. - 이로인한 단순변심 반품 및 교환은 불가할 수 있습니다. [B급 전시폰 안내]",https://direct.lghellovision.net/event/viewEventDetail.do?idxOfEvent=7091,"[가정의달 특가]갤럭시,아이폰 10종 할인 월 요금 8천원대로 끝!
진행중",0,NO_BENEFIT,ETC,0,
2026-10-11 07:02:14,헬로모바일,"스크레치, 흠집, 찍힘 등이 여러개 있을 수 있는 모델을 뜻합니다. - 흠집 및 찍힘이 있는 것을 감안해 최대 지원금을 받을 수 있는 가성비 모델입니다. - 모든 이벤트 혜택은 헬로모바일 다이렉트몰에서 휴대폰 가입을 신청하고 개통한 고객님 기준으로 지급됩니다. - 본 이벤트는 한정 수량으로, 재고 소진 시 선착순 마감되며 자동종료 됩니다. - 월 할부금은 24개월 할부 기준으로, 할부이자 포함 금액입니다. - 본 이벤트는 단말할인(공시지원금)으로 안내 되어 있으며, 신규가입/번호이동/기기변경시 적용됩니다. - 공시지원금은 당사 정책에 따라 예고 없이 변경 될 수 있으며, 요금제 변경 및 명의변경 시에는 할인 및 혜택이 제외 될 수 있습니다. - 약정기간 이내 해지 시 약정할인 반환금 등 위약금이 부과될 수 있습니다. - 단말기 박스에 부착된 스티커에 색상이 기재되어 있으니 확인 후 개통해주세요. - 단말 반품/취소 시 택배비는 고객님 부담입니다. (단, 초기 불량 건 제외) - 사은품 제공 전 개통취소/해지/일시정지/명의변경/요금제변경/번호변경/유형 변경(개인 > 개인사업자 등) 시 사은품 대상에서 제외되며, 개통 후에도 회선이 유지되어야 합니다. - 부정한 방법으로 이벤트에 참여하신 경우 혜택 대상에서 제외됩니다.(90일 내 취소/해지 고객) - 요금제 별로 지원금이 다르기에 개통완료 후 요금제 변경 하실 경우 적용받았던 지원금 및 약정내용이 변경 될 수 있습니다. 이에 신청 완료 전 선택하신 요금제를 다시 한번 확인해주세요. - 개통 후 1개월 내 요금제 변경 불가합니다. - 요금제 기본제공량 초과 시 초과요금이 발생할 수 있습니다. 유의사항 상세보기",https://direct.lghellovision.net/event/viewEventDetail.do?idxOfEvent=7091,"[가정의달 특가]갤럭시,아이폰 10종 할인 월 요금 8천원대로 끝!
진행중",0,NO_BENEFIT,ETC,0,
2026-10-11 07:02:14,헬로모바일,"· 대상 요금제 : 데이터 속도 걱정없는 단말결합 7GB · 혜택 데이터 속도 걱정없는 단말결합 7GB로 가입 시 2년간 매월 10GB 추가 제공 * 10GB 외에 5GB를 추가로 받으시려면 헬로모바일 결합을 별도로 진행해야 합니다 · 번호이동 / 010신규 / 기기변경을 통해 신규 가입한 고객님에 한해 제공되며, 가입 후 요금제 변경 시 데이터 지급이 중단될 수 있습니다. · 데이터 추가 제공 대상 : ~ ´26년 9월 30일 내 개통한 고객 · 데이터 지급일 : 가입(개통)월 기준 익월 초 [헬로모바일 결합] 요금제별 데이터 추가제공 안내",https://direct.lghellovision.net/event/viewEventDetail.do?idxOfEvent=8431,"데이터 3배, 무제한 속도도 3배! 9월 한정 레전드 요금제 출시
진행중",0,NO_BENEFIT,ETC,0,
2026-10-11 07:02:14,헬로모바일,"전화신청으로 가입하신 고객님은 사은품 발송 대상에서 제외됩니다. - 상품권 수령자와 모바일 가입자는 일치해야 하며, 상품권 양도는 불가합니다. - 모바일 상품권 유효기간은 발송일로부터 60일 이며, 유효기간 만료 후에는 상품권 사용 및 재발송 불가합니다. - [LGU+망] 데이터 유심 10/20GB [KT망] 헬로 패드 USIM 1,2,3,6,10GB, 데이터플러스 10/20GB 요금제 사용 고객님은 사은품 대상자에서 제외됩니다. - 부정한 방법으로 이벤트에 참여하신 경우 혜택 대상에서 제외됩니다.(90일 내 취소/해지 고객) - 개통 후 1개월 내 요금제 변경이 불가합니다. - 요금제 기본제공량 초과 시 초과요금이 발생할 수 있습니다. - 사은품 관련 문의는 공식 행복센터를 통해 가능합니다. [LGU+망] 1855-1140, [KT망] 1855-1144 -교보문고 제휴요금제에 가입한 고객님께 매월 1만원 혜택을 드립니다.-",https://direct.lghellovision.net/event/viewEventDetail.do?idxOfEvent=8515,"[제휴요금제]교보문고 sam으로 매월 샘나는 독서 혜택 1만원!
진행중",0,NO_BENEFIT,ETC,0,
2026-10-11 07:02:14,헬로모바일,"(9,900원 상당) - 교보문고 내 구독권명 : sam 무제한 - 등록기한 : 제공월 기준 익월 말일까지 - 사용기한 : 등록시점부터 1개월 - 사용 중인 sam프리미엄/무제한이 있을 경우, 새로운 pin번호 입력 시 기존 이용권의 기간이 연장되지 않고 중복 등록됩니다. (기존에 이용중이던 이용권의 기간이 연장되는 개념이 아닌, 개별 이용권으로 1개월간 이용으로 이용 기간이 중복됨)",https://direct.lghellovision.net/event/viewEventDetail.do?idxOfEvent=8515,"[제휴요금제]교보문고 sam으로 매월 샘나는 독서 혜택 1만원!
진행중",0,NO_BENEFIT,ETC,0,
2026-10-11 07:02:14,헬로모바일,"② e교환권 1천원권(1만원 이상 결제시 사용 가능) - 매월 온라인에서 도서 구매 시 사용할 수 있는 1천원 할인권 제공(1만원 이상 결제 시 사용가) - 등록 및 사용기한 : 제공일 기준 익월 21일까지 - e교환권 PIN번호를 등록해야 온라인에서 사용 가능하며, 교보캐시나 sam 등 일부 상품 및 타 금권(디지털교환권, 교보크레딧)과의 중복 사용은 제한될 수 있습니다.",https://direct.lghellovision.net/event/viewEventDetail.do?idxOfEvent=8515,"[제휴요금제]교보문고 sam으로 매월 샘나는 독서 혜택 1만원!
진행중",0,NO_BENEFIT,ETC,0,
2026-10-11 07:02:14,헬로모바일,: 10/1 ~ 10/31 내 아래 교보문고 요금제로 가입한 고객님,https://direct.lghellovision.net/event/viewEventDetail.do?idxOfEvent=8515,"[제휴요금제]교보문고 sam으로 매월 샘나는 독서 혜택 1만원!
진행중",0,NO_BENEFIT,ETC,0,
2026-10-11 07:02:14,헬로모바일,요금제 개통 익월부터 매월 3주차,https://direct.lghellovision.net/event/viewEventDetail.do?idxOfEvent=8515,"[제휴요금제]교보문고 sam으로 매월 샘나는 독서 혜택 1만원!
진행중",0,NO_BENEFIT,ETC,0,
2026-10-11 07:02:14,헬로모바일,(등록 및 사용은 제공일 기준 익월 21일까지),https://direct.lghellovision.net/event/viewEventDetail.do?idxOfEvent=8515,"[제휴요금제]교보문고 sam으로 매월 샘나는 독서 혜택 1만원!
진행중",0,NO_BENEFIT,ETC,0,
2026-10-11 07:02:14,헬로모바일,[교보문고 e교환권 1천원 등록],https://direct.lghellovision.net/event/viewEventDetail.do?idxOfEvent=8515,"[제휴요금제]교보문고 sam으로 매월 샘나는 독서 혜택 1만원!
진행중",0,NO_BENEFIT,ETC,0,
2026-10-11 07:02:14,헬로모바일,"※쿠폰사용, 등록 미발송 등 혜택 간련 문의는 교보문고 고객센터(1544-1900)으로 연락부탁드립니다.",https://direct.lghellovision.net/event/viewEventDetail.do?idxOfEvent=8515,"[제휴요금제]교보문고 sam으로 매월 샘나는 독서 혜택 1만원!
진행중",0,NO_BENEFIT,ETC,0,
2026-10-11 07:02:14,헬로모바일,"월 구독권/e교환권은 유효기간 내 등록 및 사용하지 않으면 소멸되며, 기간 만료 후 재발급은 불가합니다.",https://direct.lghellovision.net/event/viewEventDetail.do?idxOfEvent=8515,"[제휴요금제]교보문고 sam으로 매월 샘나는 독서 혜택 1만원!
진행중",0,NO_BENEFIT,ETC,0,
2026-10-11 07:02:14,헬로모바일,eSIM/편의점/쿠팡/네이버 유심 가입 시 5만원 증정,https://direct.lghellovision.net/event/viewEventDetail.do?idxOfEvent=8515,"[제휴요금제]교보문고 sam으로 매월 샘나는 독서 혜택 1만원!
진행중",0,NO_BENEFIT,ETC,0,
2026-10-11 07:02:14,헬로모바일,1. 사은품 : 네이버페이 5만원(일시지급),https://direct.lghellovision.net/event/viewEventDetail.do?idxOfEvent=8515,"[제휴요금제]교보문고 sam으로 매월 샘나는 독서 혜택 1만원!
진행중",0,NO_BENEFIT,ETC,0,
2026-10-11 07:02:14,헬로모바일,"eSIM/편의점/쿠팡/네이버(네이버도착보장 유심 포함) 유심으로 15,900원 이상 요금제 개통",https://direct.lghellovision.net/event/viewEventDetail.do?idxOfEvent=8515,"[제휴요금제]교보문고 sam으로 매월 샘나는 독서 혜택 1만원!
진행중",0,NO_BENEFIT,ETC,0,
2026-10-11 07:02:14,헬로모바일,3. 기간 : 9/16 ~ 9/30 내 개통,https://direct.lghellovision.net/event/viewEventDetail.do?idxOfEvent=8515,"[제휴요금제]교보문고 sam으로 매월 샘나는 독서 혜택 1만원!
진행중",0,NO_BENEFIT,ETC,0,
2026-10-11 07:02:14,헬로모바일,4. 사은품 지급 : 26년 12월 30일,https://direct.lghellovision.net/event/viewEventDetail.do?idxOfEvent=8515,"[제휴요금제]교보문고 sam으로 매월 샘나는 독서 혜택 1만원!
진행중",0,NO_BENEFIT,ETC,0,
2026-10-11 07:02:14,헬로모바일,"셀프개통 안내 자세히 보기 > - 셀프개통 불가고객: 번호이동 가입 3개월 미만 고객, 미성년자(만 18세 이하, 개통시점 생일기준) 및 배송유심으로 신규(010신규) 가입신청하신 경우(선개통되어 유심 배송) - 신규가입(010 신규) 시 편의점/제휴처 등에서 유심을 구매한 후, 추천 URL을 통해 가입하면 셀프개통이 가능합니다. - 추천인이 추천을 하는 경우 기존 사용중인 휴대폰 번호를 해지시 기존URL은 사용이 불가하므로, 새로운 추천URL을 발급받아 활용해주세요. - 가입신청서 작성 시, 하단에 ‘LT~로 시작하는 추천인ID’가 기재돼야 합니다. 추천인ID 미노출 시 추천인 링크 재접속 후 다시 확인해주세요. - 사은품 제공 전 개통취소/해지/일시정지/명의변경/요금제변경/번호변경/유형변경(개인→개인사업자 등) 시 사은품 대상에서 제외되며, 개통 후에도 요금제 회선이 유지되어야 합니다. - 본 이벤트 페이지에서 진행하는 친구추천 사은품은 타 채널(알닷, 모요 등) 이벤트와 중복 지급이 불가합니다. 추천인과 피추천인이 동일한 경우(본인추천)에는 상품권 지급이 불가합니다. - 모바일 상품권 유효기간은 발송일로부터 60일이며, 유효기간 만료 후에는 상품권 사용 및 재발송이 불가합니다. - 사은품 관련 문의는 헬로모바일 고객센터를 통해 가능합니다. [LGU+망 1855-1140] - 부정한 방법으로 이벤트 참여 시 혜택 대상에서 제외됩니다. ex) 3개월 이내 동일한 명의로 가입과 해지를 반복 진행한 경우(2회 이상)",https://direct.lghellovision.net/event/viewEventDetail.do?idxOfEvent=8515,"[제휴요금제]교보문고 sam으로 매월 샘나는 독서 혜택 1만원!
진행중",0,NO_BENEFIT,ETC,0,
2026-10-11 07:02:14,헬로모바일,이벤트 기간 내 eSIM을  LG U+망으로 가입 신청 및 개통 완료한 고객님에 한하여 최초 1회 비용 면제,https://direct.lghellovision.net/event/viewEventDetail.do?idxOfEvent=8515,"[제휴요금제]교보문고 sam으로 매월 샘나는 독서 혜택 1만원!
진행중",0,NO_BENEFIT,ETC,0,
2026-10-11 07:02:14,헬로모바일,"[리퍼브폰 배송 및 반품 안내] · 반품/취소/반납 시에는 사전에 고객센터(1855-1055)에 문의하셔야 하며, 사전 문의없이 고객님 임의로 진행하실 경우 정상적으로 처리 되지 않습니다. · 리퍼브폰은 고객 단순 변심 등의 사유로 개통됐다가 반품된 단말로, 재출고 위해 삼성 정품 부품 100% 교체된 새폰급 상품입니다. · 리퍼브폰은 6개월간 배터리/액정/외관에 한해 무상 A/S 지원받을 수 있습니다 (단, 고객 과실로 인한 파손은 제외) [중고폰 배송 및 반품 안내] · 반품/취소/반납 시에는 사전에 번개장터(1855-1062)에 문의하셔야 하며, 사전 문의없이 고객님 임의로 진행하실 경우 정상적으로 처리 되지 않습니다. · 중고폰 특성상 단말기의 스크래치가 존재할 수 있으며, 이로 인한 반품 및 교환은 불가합니다. · 반품 및 취소 시에는 반드시 지정된 택배사(우체국택배)를 통해 선불(고객님 부담)로 반납하셔야 합니다. · 중고폰은 90일간 무상 교환 서비스를 제공하고 있습니다. (단, 고객 과실로 인한 파손은 제외) hy프레딧 할인쿠폰&무료교환쿠폰 지급 및 사용 안내",https://direct.lghellovision.net/event/viewEventDetail.do?idxOfEvent=8512,"[Z폴드8 출시일 기념] 갤럭시 전격 할인! 110만원 할인받고 월 요금 할인까지!
진행중",0,NO_BENEFIT,ETC,0,
2026-10-11 07:02:14,헬로모바일,④ 프레딧 상품 구매하기 > 발급받은 쿠폰 사용 - 이벤트 기간 내 휴대폰 - 혜택,https://direct.lghellovision.net/event/viewEventDetail.do?idxOfEvent=8512,"[Z폴드8 출시일 기념] 갤럭시 전격 할인! 110만원 할인받고 월 요금 할인까지!
진행중",0,NO_BENEFIT,ETC,0,
2026-10-11 07:02:14,헬로모바일,"[헬로모바일 전시폰 안내] - 전시폰은 개통 이력이 없으며, 매장에 단순 전시 되었던 단말입니다. 새폰과 같은 퀄리티의 단말을 저렴한 가격으로 구매하실 수 있습니다. - 전시폰은 새폰과 동일하게 제조사 A/S를 최대 2년 이용할 수 있습니다. (갤럭시 : 2년 / 아이폰 : 제품별 보증기간에 따라 상이) - 전시 과정에서 단말기 외관에 미세 스크래치가 존재할 수 있으며, 이로 인한 반품 및 교환은 불가합니다. [S급 전시폰 안내] - 가장 깔끔한 품질의 퀄리티로 전시 과정에서 액정 및 외관에 미세 스크레치, 흠집이 3개 이하인 모델을 뜻합니다. - 가장 새폰급인 모델로 합리적인 가격에 새폰을 구매할 수 있습니다. [A급 전시폰 안내] - 기능상의 문제는 전혀 없지만 전시 과정에서 액정 및 외관에 스크레치, 흠집이 있을 수 있고 찍힘이 5개 이하인 모델을 뜻합니다. - 스크레치를 감안해 더 많은 지원금을 받을 수 있는 가성비 모델입니다. - 이로인한 단순변심 반품 및 교환은 불가할 수 있습니다. [B급 전시폰 안내]",https://direct.lghellovision.net/event/viewEventDetail.do?idxOfEvent=8512,"[Z폴드8 출시일 기념] 갤럭시 전격 할인! 110만원 할인받고 월 요금 할인까지!
진행중",0,NO_BENEFIT,ETC,0,
2026-10-11 07:02:14,헬로모바일,"5) 결제 수단 선택 후, 주문 완료 - 모든 이벤트 혜택은 헬로모바일 다이렉트몰에서 휴대폰 가입을 신청하고 개통한 고객님 기준으로 지급됩니다. - 본 이벤트는 한정 수량으로, 재고 소진 시 선착순 마감되며 자동종료 됩니다. - 월 할부금은 24개월 할부 기준으로, 할부이자 포함 금액입니다. - 본 이벤트는 단말할인(공시지원금)으로 안내 되어 있으며, 신규가입/번호이동/기기변경시 적용됩니다. - 공시지원금은 당사 정책에 따라 예고 없이 변경 될 수 있으며, 요금제 변경 및 명의변경 시에는 할인 및 혜택이 제외 될 수 있습니다. - 약정기간 이내 해지 시 약정할인 반환금 등 위약금이 부과될 수 있습니다. - 단말기 박스에 부착된 스티커에 색상이 기재되어 있으니 확인 후 개통해주세요. - 단말 반품/취소 시 택배비는 고객님 부담입니다. (단, 초기 불량 건 제외) - 사은품 제공 전 개통취소/해지/일시정지/명의변경/요금제변경/번호변경/유형 변경(개인 > 개인사업자 등) 시 사은품 대상에서 제외되며, 개통 후에도 회선이 유지되어야 합니다. - 부정한 방법으로 이벤트에 참여하신 경우 혜택 대상에서 제외됩니다.(90일 내 취소/해지 고객) - 요금제 별로 지원금이 다르기에 개통완료 후 요금제 변경 하실 경우 적용받았던 지원금 및 약정내용이 변경 될 수 있습니다. 이에 신청 완료 전 선택하신 요금제를 다시 한번 확인해주세요. - 개통 후 1개월 내 요금제 변경 불가합니다. - 요금제 기본제공량 초과 시 초과요금이 발생할 수 있습니다. 유의사항 상세보기",https://direct.lghellovision.net/event/viewEventDetail.do?idxOfEvent=8512,"[Z폴드8 출시일 기념] 갤럭시 전격 할인! 110만원 할인받고 월 요금 할인까지!
진행중",0,NO_BENEFIT,ETC,0,
2026-10-11 07:02:14,헬로모바일,"② 2~24회차 : 매월 23일 - 해당 요금제는 Npay 혜택 전용 요금제로서 다이렉트몰 ´친구추천´ 이벤트와 ´프로모션 코드´ 이벤트, ´추석가입이벤트´ 등의 혜택과 중복 적용되지 않습니다. - 단, ´친구추천´ 이벤트의 경우 가입자가 피추천일 경우 추천인에게 추천사은품은 제공됩니다. - 사은품 제공 전 개통취소/해지/일시정지/명의변경/요금제변경/번호변경/유형 변경(개인 > 개인사업자 등) 시 사은품 대상에서 제외되며, 개통 후에도 요금제 회선이 유지되어야 합니다. - 타요금제 -> Npay 주는 혜택형 요금제 변경시에 Npay 혜택은 제공되지 않습니다. - S26 시리즈 가입&개통 완료 시 1,000명 한정 보조배터리가 동봉 배송됩니다.",https://direct.lghellovision.net/event/viewEventDetail.do?idxOfEvent=7632,"갤럭시S26 시리즈 특가기기값+통신비 다 합쳐도 5만원대!
진행중",0,NO_BENEFIT,ETC,0,
2026-10-11 07:02:14,헬로모바일,"④ 프레딧 상품 구매하기 > 발급받은 쿠폰 사용 - 모든 이벤트 혜택은 헬로모바일 다이렉트몰에서 휴대폰 가입을 신청하고 개통한 고객님 기준으로 지급됩니다. - 본 이벤트는 한정 수량으로, 재고 소진 시 선착순 마감되며 자동종료 됩니다. - 월 할부금은 24개월 할부 기준으로, 할부이자 포함 금액입니다. - 본 이벤트는 단말할인(공시지원금)으로 안내 되어 있으며, 신규가입/번호이동/기기변경시 적용됩니다. - 공시지원금은 당사 정책에 따라 예고 없이 변경 될 수 있으며, 요금제 변경 및 명의변경 시에는 할인 및 혜택이 제외 될 수 있습니다. - 약정기간 이내 해지 시 약정할인 반환금 등 위약금이 부과될 수 있습니다. - 단말기 박스에 부착된 스티커에 색상이 기재되어 있으니 확인 후 개통해주세요. - 단말 반품/취소 시 택배비는 고객님 부담입니다. (단, 초기 불량 건 제외) - 사은품 제공 전 개통취소/해지/일시정지/명의변경/요금제변경/번호변경/유형 변경(개인 > 개인사업자 등) 시 사은품 대상에서 제외되며, 개통 후에도 회선이 유지되어야 합니다. - 부정한 방법으로 이벤트에 참여하신 경우 혜택 대상에서 제외됩니다.(90일 내 취소/해지 고객) - 요금제 별로 지원금이 다르기에 개통완료 후 요금제 변경 하실 경우 적용받았던 지원금 및 약정내용이 변경 될 수 있습니다. 이에 신청 완료 전 선택하신 요금제를 다시 한번 확인해주세요. - 개통 후 1개월 내 요금제 변경 불가합니다. - 요금제 기본제공량 초과 시 초과요금이 발생할 수 있습니다. [가입비 면제 안내]",https://direct.lghellovision.net/event/viewEventDetail.do?idxOfEvent=7632,"갤럭시S26 시리즈 특가기기값+통신비 다 합쳐도 5만원대!
진행중",0,NO_BENEFIT,ETC,0,
2026-10-11 07:02:14,헬로모바일,"[리퍼브폰 배송 및 반품 안내] · 반품/취소/반납 시에는 사전에 고객센터(1855-1055)에 문의하셔야 하며, 사전 문의없이 고객님 임의로 진행하실 경우 정상적으로 처리 되지 않습니다. · 리퍼브폰은 고객 단순 변심 등의 사유로 개통됐다가 반품된 단말로, 재출고 위해 삼성 정품 부품 100% 교체된 새폰급 상품입니다. · 리퍼브폰은 6개월간 배터리/액정/외관에 한해 무상 A/S 지원받을 수 있습니다 (단, 고객 과실로 인한 파손은 제외) [중고폰 배송 및 반품 안내] · 반품/취소/반납 시에는 사전에 번개장터(1855-1062)에 문의하셔야 하며, 사전 문의없이 고객님 임의로 진행하실 경우 정상적으로 처리 되지 않습니다. · 중고폰 특성상 단말기의 스크래치가 존재할 수 있으며, 이로 인한 반품 및 교환은 불가합니다. · 반품 및 취소 시에는 반드시 지정된 택배사(우체국택배)를 통해 선불(고객님 부담)로 반납하셔야 합니다. · 중고폰은 90일간 무상 교환 서비스를 제공하고 있습니다. (단, 고객 과실로 인한 파손은 제외) [헬로모바일 결합] 요금제별 데이터 추가제공 안내",https://direct.lghellovision.net/event/viewEventDetail.do?idxOfEvent=7632,"갤럭시S26 시리즈 특가기기값+통신비 다 합쳐도 5만원대!
진행중",0,NO_BENEFIT,ETC,0,
2026-10-11 07:02:14,헬로모바일,"② 2~24회차 : 매월 23일 - 해당 요금제는 Npay 혜택 전용 요금제로서 다이렉트몰 ´친구추천´ 이벤트와 ´프로모션 코드´ 이벤트, ´추석가입이벤트´ 등의 혜택과 중복 적용되지 않습니다. - 단, ´친구추천´ 이벤트의 경우 가입자가 피추천일 경우 추천인에게 추천사은품은 제공됩니다. - 사은품 제공 전 개통취소/해지/일시정지/명의변경/요금제변경/번호변경/유형 변경(개인 > 개인사업자 등) 시 사은품 대상에서 제외되며, 개통 후에도 요금제 회선이 유지되어야 합니다. - 타요금제 -> Npay 주는 혜택형 요금제 변경시에 Npay 혜택은 제공되지 않습니다.",https://direct.lghellovision.net/event/viewEventDetail.do?idxOfEvent=8012,"[알뜰폰]두두둥장! 매월 1.5만원 Npay 받는 요금제!총 36만원 받아가세요!
진행중",0,NO_BENEFIT,ETC,0,
2026-10-11 07:02:14,헬로모바일,: 최대 20GB 데이터 24개월간 증정,https://direct.lghellovision.net/event/viewEventDetail.do?idxOfEvent=8012,"[알뜰폰]두두둥장! 매월 1.5만원 Npay 받는 요금제!총 36만원 받아가세요!
진행중",0,NO_BENEFIT,ETC,0,
2026-10-11 07:02:14,헬로모바일,: 8/1 ~ 8/31 내 아래 대상요금제로 개통 후 헬로모바일 결합을 진행한 고객,https://direct.lghellovision.net/event/viewEventDetail.do?idxOfEvent=8012,"[알뜰폰]두두둥장! 매월 1.5만원 Npay 받는 요금제!총 36만원 받아가세요!
진행중",0,NO_BENEFIT,ETC,0,
2026-10-11 07:02:14,헬로모바일,① 이벤트 기간 내 아래 대상(Npay)요금제로 개통,https://direct.lghellovision.net/event/viewEventDetail.do?idxOfEvent=8012,"[알뜰폰]두두둥장! 매월 1.5만원 Npay 받는 요금제!총 36만원 받아가세요!
진행중",0,NO_BENEFIT,ETC,0,
2026-10-11 07:02:14,헬로모바일,"② 2~24회차 : 매월 1일 지급 - 데이터는 월할 기준으로 제공되며, 잔여 데이터의 이월은 불가합니다. - 데이터는 월제공데이터>일제공량>(헬로모바일 결합)데이터 추가 제공>QoS 순으로 차감됩니다. - 친구추천을 통한 데이터 추가 제공 프로모션과 중복 제공이 불가합니다. - 개통취소/해지/정지 시 자동으로 지급 중단 및 재지급 불가합니다. - 기존 가입고객은 데이터 추가 제공 혜택에서 제외됩니다.(신규가입고객 대상) - 미성년자 고객님은 데이터 추가제공 혜택에서 제외됩니다.(성인 가입자 대상)",https://direct.lghellovision.net/event/viewEventDetail.do?idxOfEvent=8012,"[알뜰폰]두두둥장! 매월 1.5만원 Npay 받는 요금제!총 36만원 받아가세요!
진행중",0,NO_BENEFIT,ETC,0,
2026-10-11 07:02:14,헬로모바일,"3. 사은품 지급 - 지급시기 12월 23일, 이후 매월 23일 - 모든 이벤트 혜택은 당사 사정에 의해 조기종료 혹은 일정/내용 등이 변경될 수 있습니다. - 모든 이벤트 혜택은 헬로모바일 다이렉트몰에서 가입한 고객 기준으로 지급됩니다. 단, 온라인 오픈마켓채널(롯데온,G마켓/옥션, 번개장터 등) 및 선구매 유심으로 헬로모바일 다이렉트몰에서 가입한 고객님껜 동일 혜택 제공",https://direct.lghellovision.net/event/viewEventDetail.do?idxOfEvent=7711,"[10월 프로모션, 기간한정] 프로모션 코드 입력만 해도 누구나 12만원 증정!
진행중",0,NO_BENEFIT,ETC,0,
2026-10-11 07:02:14,헬로모바일,"-적립금과 할인쿠폰(1 또는 2)은 동시 사용가능하며, 할인쿠폰별 적용 가능 상품이 상이하므로 사용 전 대상상품을 확인해 주시기 바랍니다. - 혜택 제공 전 개통취소/타 요금제 변경/명의 변경/해지/번호 변경 시 혜택이 종료되며, 재지급 불가합니다. - 정지건은 총 제공기간 24개월에 정지기간을 포함하며, 정지해제시 지급됩니다. - 기존 타 요금제 이용고객의 경우 현대홈쇼핑 요금제로 변경 가능하나, 고객센터를 통해서만 변경이 가능하며 프로모션 할인 전 기본 요금으로만 이용 가능합니다.(혜택은 제공) - 현대홈쇼핑 요금제간 변경 가능하나, 고객센터를 통해서만 변경이 가능하며 프로모션 할인 전 기본 요금으로만 이용 가능합니다.(혜택 제공) 15,900원 이상 요금제 가입 시 : 네이버페이 12만원(1.5만원*8개월 증정)",https://direct.lghellovision.net/event/viewEventDetail.do?idxOfEvent=8231,"[알뜰폰요금제] 현대홈쇼핑x헬로모바일 요금제 출시! 매월 2만원 쇼핑지원금 드려요!
진행중",0,NO_BENEFIT,ETC,0,
2026-10-11 07:02:14,헬로모바일,"이벤트 기간 내 eSIM을  LG U+망으로 가입 신청 및 개통 완료한 고객님에 한하여 최초 1회 비용 면제 - 모든 이벤트 혜택은 당사 사정에 의해 조기종료 혹은 일정/내용 등이 변경될 수 있습니다. - 모든 이벤트 혜택은 헬로모바일 다이렉트몰에서 가입한 고객 기준으로 지급됩니다. 단, 온라인 오픈마켓채널(롯데온,G마켓/옥션, 번개장터 등) 및 선구매 유심으로 헬로모바일 다이렉트몰에서 가입한 고객님껜 동일 혜택 제공",https://direct.lghellovision.net/event/viewEventDetail.do?idxOfEvent=8231,"[알뜰폰요금제] 현대홈쇼핑x헬로모바일 요금제 출시! 매월 2만원 쇼핑지원금 드려요!
진행중",0,NO_BENEFIT,ETC,0,
2026-10-11 07:02:14,헬로모바일,쿠폰팩 요금제에 가입한 고객님께 매월 쿠폰팩을 24개월간 증정합니다.,https://direct.lghellovision.net/event/viewEventDetail.do?idxOfEvent=7851,"창고 대방출! 지원금 파격 인상! 미개봉 새폰 Z플립4 199,000원 특가
진행중",0,NO_BENEFIT,ETC,0,
2026-10-11 07:02:14,헬로모바일,2. 대상자 : 10/1 ~ 10/31 내 대상요금제로 개통완료 고객님,https://direct.lghellovision.net/event/viewEventDetail.do?idxOfEvent=7851,"창고 대방출! 지원금 파격 인상! 미개봉 새폰 Z플립4 199,000원 특가
진행중",0,NO_BENEFIT,ETC,0,
2026-10-11 07:02:14,헬로모바일,"3. 쿠폰 선택 문자 발송 : 11월 4주차 발송(20일~23일 경) - 문자 수신 후 30일 내 원하는 쿠폰을 선택하셔야 하며, 선택 후 쿠폰 변경 및 환불 불가능합니다. - 쿠폰팩 내 쿠폰은 매월 선택하실 수 있으며 미선택 경우 당월 쿠폰 지급은 불가합니다. - 선택하신 쿠폰의 유효기간은 30일이며, 유효기간 종료 후 연장 및 재발송, 환불 불가능합니다. - 해당 문자는 GS엠비즈에서 발송됩니다.(미발송/재발송 문의 고객센터 전화번호 : 1544-1151) - 사은품 제공 전 개통취소/타 요금제 변경/명의 변경/해지/일시정지/번호 변경 시 혜택이 종료되며, 재지급 불가합니다.(단, 쿠폰팩 요금제 간 변경 시 혜택 유지) - 기존 타 요금제 이용고객의 경우 쿠폰팩 요금제로 변경 가능하나, 고객센터를 통해서만 변경이 가능하며, 프로모션 할인 전 기본 요금으로만 이용 가능합니다.(쿠폰팩 혜택 제공) - 쿠폰팩 요금제간 변경 가능하나, 고객센터를 통해서만 변경이 가능하며, 프로모션 할인 전 기본 요금으로만 이용 가능합니다.(쿠폰팩 혜택 제공) [대상 요금제] * 유심 요금제 14종 유심/eSIM 요금제",https://direct.lghellovision.net/event/viewEventDetail.do?idxOfEvent=7851,"창고 대방출! 지원금 파격 인상! 미개봉 새폰 Z플립4 199,000원 특가
진행중",0,NO_BENEFIT,ETC,0,
2026-10-11 07:02:14,헬로모바일,"[리퍼브폰 배송 및 반품 안내] · 반품/취소/반납 시에는 사전에 고객센터(1855-1055)에 문의하셔야 하며, 사전 문의없이 고객님 임의로 진행하실 경우 정상적으로 처리 되지 않습니다. · 리퍼브폰은 고객 단순 변심 등의 사유로 개통됐다가 반품된 단말로, 재출고 위해 삼성 정품 부품 100% 교체된 새폰급 상품입니다. · 리퍼브폰은 6개월간 배터리/액정/외관에 한해 무상 A/S 지원받을 수 있습니다 (단, 고객 과실로 인한 파손은 제외) [중고폰 배송 및 반품 안내] · 반품/취소/반납 시에는 사전에 번개장터(1855-1062)에 문의하셔야 하며, 사전 문의없이 고객님 임의로 진행하실 경우 정상적으로 처리 되지 않습니다. · 중고폰 특성상 단말기의 스크래치가 존재할 수 있으며, 이로 인한 반품 및 교환은 불가합니다. · 반품 및 취소 시에는 반드시 지정된 택배사(우체국택배)를 통해 선불(고객님 부담)로 반납하셔야 합니다. · 중고폰은 90일간 무상 교환 서비스를 제공하고 있습니다. (단, 고객 과실로 인한 파손은 제외) 유독 구글AI프로도미노피자 구독 할인쿠폰 지급 안내",https://direct.lghellovision.net/event/viewEventDetail.do?idxOfEvent=7851,"창고 대방출! 지원금 파격 인상! 미개봉 새폰 Z플립4 199,000원 특가
진행중",0,NO_BENEFIT,ETC,0,
2026-10-11 07:02:14,헬로모바일,1. 사은품: 신세계 상품권 최대 10만원 (1만원*10개월),https://direct.lghellovision.net/event/viewEventDetail.do?idxOfEvent=7851,"창고 대방출! 지원금 파격 인상! 미개봉 새폰 Z플립4 199,000원 특가
진행중",0,NO_BENEFIT,ETC,0,
2026-10-11 07:02:14,헬로모바일,"2. 대상자 · 10만원 증정 : 26년10/1~10/31 내 폴더A1, 레드미노트13, 갤럭시S21+중고폰 접수 및 개통완료한 고객님 · 혜택은 12월 3주차 이후, 순차 발송되며 혜택 발송 전에 개통 취소, 미납, 일시정지,요금제 변경, 명의 변경 등 발생 시 혜택 지급 대상에서 제외됩니다. · LMS삭제/스팸 등의 사유로 인한 재발송은 불가합니다. 10만원 상품권은 1만원씩 10개월간 발송됩니다. - 8/1~8/31 기간 내 휴대폰 접수 및 개통 완료한 고객님 - 혜택 : 헬로모바일 다이렉트몰을 통해 폴더A1, 폴더A1 pro, 스타일폴더2, 레드미노트13, A16 무너에디션 가입 시, 24개월간 1만원 통신비 할인 ※ 다른 휴대폰 가입 시에는 통신비 할인이 적용되지 않습니다. · 대상 요금제 : LTE/5G전체 요금제 모두 24개월간 1만원 통신비 할인 단 LTE표준, 알뜰 상품군, 이커머스 상품군, 약정없는 상품군, 패드형 상품군 제외)",https://direct.lghellovision.net/event/viewEventDetail.do?idxOfEvent=7851,"창고 대방출! 지원금 파격 인상! 미개봉 새폰 Z플립4 199,000원 특가
진행중",0,NO_BENEFIT,ETC,0,
2026-10-11 07:02:14,헬로모바일,"※ 개통완료된 시점부터 통신비 할인 적용되며, 다른 할인 프로모션과 중복 적용은 불가합니다. (ex. 5G 요금제 3개월 할인 등)",https://direct.lghellovision.net/event/viewEventDetail.do?idxOfEvent=7851,"창고 대방출! 지원금 파격 인상! 미개봉 새폰 Z플립4 199,000원 특가
진행중",0,NO_BENEFIT,ETC,0,
2026-10-11 07:02:14,헬로모바일,개통취소/해지/일시정지/명의변경/요금제변경/번호변경/유형변경 등 발생 시 1만원 통신비 할인 제외됩니다.,https://direct.lghellovision.net/event/viewEventDetail.do?idxOfEvent=7851,"창고 대방출! 지원금 파격 인상! 미개봉 새폰 Z플립4 199,000원 특가
진행중",0,NO_BENEFIT,ETC,0,
2026-10-11 07:02:14,SK 7세븐모바일,[10월 1차] 1만원 이상 요금제 코드 프로모션 이벤트 유의사항,https://www.sk7mobile.com/bnef/event/eventIngView.do?cntId=eddaca7c0e2d68420046e64c846c1d93,현대카드M과 함께 37만원 상당 혜택 받자!,0,NO_BENEFIT,ETC,0,
2026-10-11 07:02:14,SK 7세븐모바일,10/1(목)~10/15(목),https://www.sk7mobile.com/bnef/event/eventIngView.do?cntId=eddaca7c0e2d68420046e64c846c1d93,현대카드M과 함께 37만원 상당 혜택 받자!,0,NO_BENEFIT,ETC,0,
2026-10-11 07:02:14,SK 7세븐모바일,이벤트 대상 요금제: 1만원 이상 요금제 38종,https://www.sk7mobile.com/bnef/event/eventIngView.do?cntId=eddaca7c0e2d68420046e64c846c1d93,현대카드M과 함께 37만원 상당 혜택 받자!,0,NO_BENEFIT,ETC,0,
2026-10-11 07:02:14,SK 7세븐모바일,사은품: 신세계 상품권 12만원 (1만원 X 12개월),https://www.sk7mobile.com/bnef/event/eventIngView.do?cntId=eddaca7c0e2d68420046e64c846c1d93,현대카드M과 함께 37만원 상당 혜택 받자!,0,NO_BENEFIT,ETC,0,
2026-10-11 07:02:14,SK 7세븐모바일,2026년 11월부터 매월 셋째주 중 발송,https://www.sk7mobile.com/bnef/event/eventIngView.do?cntId=eddaca7c0e2d68420046e64c846c1d93,현대카드M과 함께 37만원 상당 혜택 받자!,0,NO_BENEFIT,ETC,0,
2026-10-11 07:02:14,SK 7세븐모바일,"해당 이벤트는 5천원 이상 요금제 이벤트, 7PICK 요금제 이벤트, 무제한 요금제 이벤트의 상품권 혜택과 중복 지급되지 않습니다.",https://www.sk7mobile.com/bnef/event/eventIngView.do?cntId=eddaca7c0e2d68420046e64c846c1d93,현대카드M과 함께 37만원 상당 혜택 받자!,0,NO_BENEFIT,ETC,0,
2026-10-11 07:02:14,SK 7세븐모바일,[10월 1차] 5천원 이상 요금제 코드 프로모션 이벤트 유의사항,https://www.sk7mobile.com/bnef/event/eventIngView.do?cntId=eddaca7c0e2d68420046e64c846c1d93,현대카드M과 함께 37만원 상당 혜택 받자!,0,NO_BENEFIT,ETC,0,
2026-10-11 07:02:14,SK 7세븐모바일,이벤트 대상 요금제: 5천원 이상 ~ 1만원 미만 요금제 23종,https://www.sk7mobile.com/bnef/event/eventIngView.do?cntId=eddaca7c0e2d68420046e64c846c1d93,현대카드M과 함께 37만원 상당 혜택 받자!,0,NO_BENEFIT,ETC,0,
2026-10-11 07:02:14,SK 7세븐모바일,사은품: 신세계 상품권 6만원 (5천원 X 12개월),https://www.sk7mobile.com/bnef/event/eventIngView.do?cntId=eddaca7c0e2d68420046e64c846c1d93,현대카드M과 함께 37만원 상당 혜택 받자!,0,NO_BENEFIT,ETC,0,
2026-10-11 07:02:14,SK 7세븐모바일,"해당 이벤트는 1만원 이상 요금제 이벤트, 7PICK 요금제 이벤트, 무제한 요금제 이벤트의 상품권 혜택과 중복 지급되지 않습니다.",https://www.sk7mobile.com/bnef/event/eventIngView.do?cntId=eddaca7c0e2d68420046e64c846c1d93,현대카드M과 함께 37만원 상당 혜택 받자!,0,NO_BENEFIT,ETC,0,
2026-10-11 07:02:14,SK 7세븐모바일,"혜택: 첫 eSIM 다운로드 비용 (2,750원) 청구 할인",https://www.sk7mobile.com/bnef/event/eventIngView.do?cntId=eddaca7c0e2d68420046e64c846c1d93,현대카드M과 함께 37만원 상당 혜택 받자!,0,NO_BENEFIT,ETC,0,
2026-10-11 07:02:14,SK 7세븐모바일,다음 달 요금 납부 시점까지 회선을 유지해야 eSIM 0원 혜택이 적용됩니다. 중도 해지 시 eSIM 다운로드 비용이 청구됩니다.,https://www.sk7mobile.com/bnef/event/eventIngView.do?cntId=eddaca7c0e2d68420046e64c846c1d93,현대카드M과 함께 37만원 상당 혜택 받자!,0,NO_BENEFIT,ETC,0,
2026-10-11 07:02:14,SK 7세븐모바일,동의해야만 eSIM 0원 혜택을 받을 수 있습니다. (미동의 시 혜택 제공 불가),https://www.sk7mobile.com/bnef/event/eventIngView.do?cntId=eddaca7c0e2d68420046e64c846c1d93,현대카드M과 함께 37만원 상당 혜택 받자!,0,NO_BENEFIT,ETC,0,
2026-10-11 07:02:14,SK 7세븐모바일,[10월 1차] 누구나 유심 0원 이벤트 유의사항,https://www.sk7mobile.com/bnef/event/eventIngView.do?cntId=eddaca7c0e2d68420046e64c846c1d93,현대카드M과 함께 37만원 상당 혜택 받자!,0,NO_BENEFIT,ETC,0,
2026-10-11 07:02:14,SK 7세븐모바일,에 누구나 유심 0원 이벤트 페이지를 통해 가입신청서를 작성한 고객,https://www.sk7mobile.com/bnef/event/eventIngView.do?cntId=eddaca7c0e2d68420046e64c846c1d93,현대카드M과 함께 37만원 상당 혜택 받자!,0,NO_BENEFIT,ETC,0,
2026-10-11 07:02:14,SK 7세븐모바일,본 유심 0원 이벤트는 셀프개통 접수만 가능합니다.,https://www.sk7mobile.com/bnef/event/eventIngView.do?cntId=eddaca7c0e2d68420046e64c846c1d93,현대카드M과 함께 37만원 상당 혜택 받자!,0,NO_BENEFIT,ETC,0,
2026-10-11 07:02:14,SK 7세븐모바일,"신세계 상품권 20만원 (2만원 X 10개월) : [Online] 5G CMLink (110GB+), [Online] 5G CMLink (24GB+), [Online] CMLink (100GB+), [Online] CMLink (10GB+), [Online] CMLink (11GB+), [Online] CMLink (15GB+), [Online] CMLink (7GB+), [셀프] LTE 유심 (100GB+), [셀프] LTE 유심 (10GB+), [셀프] LTE 유심 (11GB+), [셀프] LTE 유심 (15GB+/100분), [셀프] LTE 유심 (15GB+/300분), [셀프] LTE 유심 (7GB+), 10% 포인트 (10GB+/통화맘껏), 10% 포인트 (11GB+/통화맘껏), 10% 포인트 (15GB+/100분), 10% 포인트 (7GB+/통화맘껏), 5G 유심 (110GB+/통화맘껏), 5G 유심 (15GB+/통화맘껏), 5G 유심 (200GB+/통화맘껏), 5G 유심 (24GB+/통화맘껏), 5G 유심 (37GB+/통화맘껏), 5G 유심 (54GB+/통화맘껏), 5G 유심 (74GB+/통화맘껏), 5G 유심 (99GB+/통화맘껏), FLO 유심 (11GB+/통화맘껏), LTE 유심 (100GB+/통화맘껏), LTE 유심 (10GB+/통화맘껏), LTE 유심 (11GB+/통화맘껏), LTE 유심 (15GB+/100분), LTE 유심 (15GB+/300분), LTE 유심 (7GB+/통화맘껏), 롯데시네마 (11GB+/통화맘껏), 롯데시네마 (7GB+/통화맘껏), 번개 유심 (10GB+/통화맘껏), 번개 유심 (7GB+/통화맘껏), 번개 유심 15GB+, 번개유심 (11GB+/통화맘껏), 폰케어팩 (100GB+/통화맘껏), 폰케어팩 (10GB+/통화맘껏), 폰케어팩 (11GB+/통화맘껏), 폰케어팩 (7GB+/통화맘껏)",https://www.sk7mobile.com/bnef/event/eventIngView.do?cntId=eddaca7c0e2d68420046e64c846c1d93,현대카드M과 함께 37만원 상당 혜택 받자!,0,NO_BENEFIT,ETC,0,
2026-10-11 07:02:14,SK 7세븐모바일,"신세계 상품권 12만원 (1만원 X 12개월) : [Online] CMLink (1GB+), [셀프] LTE 유심 (1GB+), 10% 포인트 (3GB+/200분), LTE 유심 (1GB+/통화맘껏), LTE 유심 (3GB+/200분), 번개 유심 (1GB+/통화맘껏), 번개 유심 (3GB+/200분)",https://www.sk7mobile.com/bnef/event/eventIngView.do?cntId=eddaca7c0e2d68420046e64c846c1d93,현대카드M과 함께 37만원 상당 혜택 받자!,0,NO_BENEFIT,ETC,0,
2026-10-11 07:02:14,SK 7세븐모바일,"1만원 이상 요금제 이벤트, 7 PICK 요금제 이벤트의 상품권 혜택과 중복 지급되지 않습니다.",https://www.sk7mobile.com/bnef/event/eventIngView.do?cntId=eddaca7c0e2d68420046e64c846c1d93,현대카드M과 함께 37만원 상당 혜택 받자!,0,NO_BENEFIT,ETC,0,
2026-10-11 07:02:14,SK 7세븐모바일,사은품: 네이버페이 포인트 20만원 (2만원 X 10개월),https://www.sk7mobile.com/bnef/event/eventIngView.do?cntId=eddaca7c0e2d68420046e64c846c1d93,현대카드M과 함께 37만원 상당 혜택 받자!,0,NO_BENEFIT,ETC,0,
2026-10-11 07:02:14,SK 7세븐모바일,"1만원 이상 요금제 이벤트, 무제한 요금제 이벤트의 상품권 혜택과 중복 지급되지 않습니다.",https://www.sk7mobile.com/bnef/event/eventIngView.do?cntId=eddaca7c0e2d68420046e64c846c1d93,현대카드M과 함께 37만원 상당 혜택 받자!,0,NO_BENEFIT,ETC,0,
2026-10-11 07:02:14,SK 7세븐모바일,"이벤트 대상 요금제: 5천원 이상 유심/eSIM 요금제 (단, 태블릿, USIM 표준, 복지 요금제 제외)",https://www.sk7mobile.com/bnef/event/eventIngView.do?cntId=eddaca7c0e2d68420046e64c846c1d93,현대카드M과 함께 37만원 상당 혜택 받자!,0,NO_BENEFIT,ETC,0,
2026-10-11 07:02:14,SK 7세븐모바일,사은품: 신세계 상품권 5만원,https://www.sk7mobile.com/bnef/event/eventIngView.do?cntId=eddaca7c0e2d68420046e64c846c1d93,현대카드M과 함께 37만원 상당 혜택 받자!,0,NO_BENEFIT,ETC,0,
2026-10-11 07:02:14,SK 7세븐모바일,2027년 2월 셋째주 중 발송,https://www.sk7mobile.com/bnef/event/eventIngView.do?cntId=eddaca7c0e2d68420046e64c846c1d93,현대카드M과 함께 37만원 상당 혜택 받자!,0,NO_BENEFIT,ETC,0,
2026-10-11 07:02:14,SK 7세븐모바일,"신규 고객의 가입/개통 문의 : 1599-3508(유료), 평일 10:00~18:00",https://www.sk7mobile.com/bnef/event/eventIngView.do?cntId=f3a26d507e944caa5d8d21e3a8da3cbf,5G 초고속 무제한을 저렴하게! 5G 무제한 요금제,0,NO_BENEFIT,ETC,0,
2026-10-11 07:02:14,SK 7세븐모바일,"기존 고객의 요금제 변경 상담/이용 문의 : 114(무료) 또는 1599-0999(유료), 평일 09:00~18:00(점심시간 12:30~13:30)",https://www.sk7mobile.com/bnef/event/eventIngView.do?cntId=f3a26d507e944caa5d8d21e3a8da3cbf,5G 초고속 무제한을 저렴하게! 5G 무제한 요금제,0,NO_BENEFIT,ETC,0,
2026-10-11 07:02:14,SK 7세븐모바일,사은품: 신세계 모바일 상품권 12만원,https://www.sk7mobile.com/bnef/event/eventIngView.do?cntId=6c547cdb4ead858192c3aa2da90df1ca,아이폰 18 Pro 출시 기념 프로모션 최대 37만원 혜택 제공,0,NO_BENEFIT,ETC,0,
2026-10-11 07:02:14,SK 7세븐모바일,사은품 발송일:개통 후 익월 내 SK브로드밴드 통해 지급,https://www.sk7mobile.com/bnef/event/eventIngView.do?cntId=6c547cdb4ead858192c3aa2da90df1ca,아이폰 18 Pro 출시 기념 프로모션 최대 37만원 혜택 제공,0,NO_BENEFIT,ETC,0,
2026-10-11 07:02:14,SK 7세븐모바일,당사 및 제휴업체의 사정에 따라 쿠폰 혜택 및 발송일이 변경될 수 있습니다.,https://www.sk7mobile.com/bnef/event/eventIngView.do?cntId=6c547cdb4ead858192c3aa2da90df1ca,아이폰 18 Pro 출시 기념 프로모션 최대 37만원 혜택 제공,0,NO_BENEFIT,ETC,0,
2026-10-11 07:02:14,SK 7세븐모바일,SK 브로드밴드 신규 가입 이후 2026년 10월 31일(토)까지 SK 7mobile 회선과 SK 브로드밴드 유선상품 간의 “알뜰한 결합” 가입을 완료하셔야 합니다.,https://www.sk7mobile.com/bnef/event/eventIngView.do?cntId=6c547cdb4ead858192c3aa2da90df1ca,아이폰 18 Pro 출시 기념 프로모션 최대 37만원 혜택 제공,0,NO_BENEFIT,ETC,0,
2026-10-11 07:02:14,SK 7세븐모바일,이벤트 기간 및 대상: 이마트24에서 구매한 간편유심을,https://www.sk7mobile.com/bnef/event/eventIngView.do?cntId=91e4ae4d9146335d06b1c326d511b9a7,오늘 바로 개통하는 가장 저렴한 방법 간편유심 프로모션,0,NO_BENEFIT,ETC,0,
2026-10-11 07:02:14,SK 7세븐모바일,기간 내 SK세븐모바일로 개통 완료한 고객,https://www.sk7mobile.com/bnef/event/eventIngView.do?cntId=91e4ae4d9146335d06b1c326d511b9a7,오늘 바로 개통하는 가장 저렴한 방법 간편유심 프로모션,0,NO_BENEFIT,ETC,0,
2026-10-11 07:02:14,SK 7세븐모바일,사은품: 네이버 페이 상품권 3천원,https://www.sk7mobile.com/bnef/event/eventIngView.do?cntId=91e4ae4d9146335d06b1c326d511b9a7,오늘 바로 개통하는 가장 저렴한 방법 간편유심 프로모션,0,NO_BENEFIT,ETC,0,
2026-10-11 07:02:14,SK 7세븐모바일,2026년 11월 셋째주 중 발송,https://www.sk7mobile.com/bnef/event/eventIngView.do?cntId=91e4ae4d9146335d06b1c326d511b9a7,오늘 바로 개통하는 가장 저렴한 방법 간편유심 프로모션,0,NO_BENEFIT,ETC,0,
2026-10-11 07:02:14,SK 7세븐모바일,기간 내 간편당일배송/간편퀵배송으로 일반유심을 구매한 고객,https://www.sk7mobile.com/bnef/event/eventIngView.do?cntId=91e4ae4d9146335d06b1c326d511b9a7,오늘 바로 개통하는 가장 저렴한 방법 간편유심 프로모션,0,NO_BENEFIT,ETC,0,
2026-10-11 07:02:14,SK 7세븐모바일,"혜택: 간편당일배송 배송비 무료 / 간편퀵배송 배송비 2,000원",https://www.sk7mobile.com/bnef/event/eventIngView.do?cntId=91e4ae4d9146335d06b1c326d511b9a7,오늘 바로 개통하는 가장 저렴한 방법 간편유심 프로모션,0,NO_BENEFIT,ETC,0,
2026-10-11 07:02:14,SK 7세븐모바일,2026-09-04 20:36,https://www.sk7mobile.com/bnef/event/eventIngView.do?cntId=b0a5ffa8438f0fa0506a9994350063db,후기 작성하고 최대 Npay 5만원 선물 받자!,0,NO_BENEFIT,ETC,0,
2026-10-11 07:02:14,SK 7세븐모바일,2026-09-30 22:12,https://www.sk7mobile.com/bnef/event/eventIngView.do?cntId=b0a5ffa8438f0fa0506a9994350063db,후기 작성하고 최대 Npay 5만원 선물 받자!,0,NO_BENEFIT,ETC,0,
2026-10-11 07:02:14,SK 7세븐모바일,2026-09-24 20:05,https://www.sk7mobile.com/bnef/event/eventIngView.do?cntId=b0a5ffa8438f0fa0506a9994350063db,후기 작성하고 최대 Npay 5만원 선물 받자!,0,NO_BENEFIT,ETC,0,
2026-10-11 07:02:14,SK 7세븐모바일,2026-10-10 09:38,https://www.sk7mobile.com/bnef/event/eventIngView.do?cntId=b0a5ffa8438f0fa0506a9994350063db,후기 작성하고 최대 Npay 5만원 선물 받자!,0,NO_BENEFIT,ETC,0,
2026-10-11 07:02:14,SK 7세븐모바일,2026-10-09 22:40,https://www.sk7mobile.com/bnef/event/eventIngView.do?cntId=b0a5ffa8438f0fa0506a9994350063db,후기 작성하고 최대 Npay 5만원 선물 받자!,0,NO_BENEFIT,ETC,0,
2026-10-11 07:02:14,SK 7세븐모바일,2026-10-09 11:03,https://www.sk7mobile.com/bnef/event/eventIngView.do?cntId=b0a5ffa8438f0fa0506a9994350063db,후기 작성하고 최대 Npay 5만원 선물 받자!,0,NO_BENEFIT,ETC,0,
2026-10-11 07:02:14,SK 7세븐모바일,2026-10-08 16:46,https://www.sk7mobile.com/bnef/event/eventIngView.do?cntId=b0a5ffa8438f0fa0506a9994350063db,후기 작성하고 최대 Npay 5만원 선물 받자!,0,NO_BENEFIT,ETC,0,
2026-10-11 07:02:14,SK 7세븐모바일,2026-10-07 19:58,https://www.sk7mobile.com/bnef/event/eventIngView.do?cntId=b0a5ffa8438f0fa0506a9994350063db,후기 작성하고 최대 Npay 5만원 선물 받자!,0,NO_BENEFIT,ETC,0,
2026-10-11 07:02:14,SK 7세븐모바일,2026-10-07 18:01,https://www.sk7mobile.com/bnef/event/eventIngView.do?cntId=b0a5ffa8438f0fa0506a9994350063db,후기 작성하고 최대 Npay 5만원 선물 받자!,0,NO_BENEFIT,ETC,0,
2026-10-11 07:02:14,SK 7세븐모바일,2026-10-07 11:36,https://www.sk7mobile.com/bnef/event/eventIngView.do?cntId=b0a5ffa8438f0fa0506a9994350063db,후기 작성하고 최대 Npay 5만원 선물 받자!,0,NO_BENEFIT,ETC,0,
2026-10-11 07:02:14,SK 7세븐모바일,2026-10-07 10:42,https://www.sk7mobile.com/bnef/event/eventIngView.do?cntId=b0a5ffa8438f0fa0506a9994350063db,후기 작성하고 최대 Npay 5만원 선물 받자!,0,NO_BENEFIT,ETC,0,
2026-10-11 07:02:14,SK 7세븐모바일,2026-10-07 09:09,https://www.sk7mobile.com/bnef/event/eventIngView.do?cntId=b0a5ffa8438f0fa0506a9994350063db,후기 작성하고 최대 Npay 5만원 선물 받자!,0,NO_BENEFIT,ETC,0,
2026-10-11 07:02:14,SK 7세븐모바일,2026-10-07 07:05,https://www.sk7mobile.com/bnef/event/eventIngView.do?cntId=b0a5ffa8438f0fa0506a9994350063db,후기 작성하고 최대 Npay 5만원 선물 받자!,0,NO_BENEFIT,ETC,0,
2026-10-11 07:02:14,SK 7세븐모바일,"보내드리는 사은품은 유효기간 종료 후 재발송 및 기간연장이 불가하오니, 기간 안에 꼭 사용해주세요.",https://www.sk7mobile.com/bnef/event/eventIngView.do?cntId=97339a20495196763de2bfa0fe4066af,12개월 동안 통신비 무료! 우들 키즈워치폰,0,NO_BENEFIT,ETC,0,
2026-10-11 07:02:14,SK 7세븐모바일,사용기한 : 발급일로부터 30일(예 9/25 발급 시 10/24까지),https://www.sk7mobile.com/bnef/event/eventIngView.do?cntId=97339a20495196763de2bfa0fe4066af,12개월 동안 통신비 무료! 우들 키즈워치폰,0,NO_BENEFIT,ETC,0,
2026-10-11 07:02:14,SK 7세븐모바일,"사은품 교환/사용 문의 : 1566-8546 (유료/평일 09시~18시, 점심시간(12시~13시) 및 주말/공휴일 미운영)",https://www.sk7mobile.com/bnef/event/eventIngView.do?cntId=97339a20495196763de2bfa0fe4066af,12개월 동안 통신비 무료! 우들 키즈워치폰,0,NO_BENEFIT,ETC,0,
2026-10-11 07:02:14,SK 7세븐모바일,"사은품 일반 문의 : 1599-0999(유료/평일 09시~18시, 점심시간(12시~13시) 및 주말/공휴일 미운영)",https://www.sk7mobile.com/bnef/event/eventIngView.do?cntId=97339a20495196763de2bfa0fe4066af,12개월 동안 통신비 무료! 우들 키즈워치폰,0,NO_BENEFIT,ETC,0,
